<keymap version="1" name="Eclipse (macOS) copy" parent="Eclipse (Mac OS X)">
  <action id="ActivateBigDataToolWindowToolWindow">
    <keyboard-shortcut first-keystroke="shift ctrl meta b" />
  </action>
  <action id="ActivateDatabaseToolWindow">
    <keyboard-shortcut first-keystroke="ctrl meta alt d" />
  </action>
  <action id="ActivateProjectToolWindow">
    <keyboard-shortcut first-keystroke="shift meta p" />
  </action>
  <action id="ChangeTypeSignature">
    <keyboard-shortcut first-keystroke="meta alt t" />
  </action>
  <action id="EditorEnter">
    <keyboard-shortcut first-keystroke="enter" />
  </action>
  <action id="EditorEscape">
    <keyboard-shortcut first-keystroke="escape" />
  </action>
  <action id="EditorSelectWord">
    <keyboard-shortcut first-keystroke="ctrl alt w" />
  </action>
  <action id="EditorUnSelectWord" />
  <action id="Find">
    <keyboard-shortcut first-keystroke="alt f" />
  </action>
  <action id="FindInPath">
    <keyboard-shortcut first-keystroke="ctrl h" />
    <keyboard-shortcut first-keystroke="shift ctrl f" />
  </action>
  <action id="FocusEditor">
    <keyboard-shortcut first-keystroke="shift escape" />
  </action>
  <action id="GuiDesigner.ShrinkSelection" />
  <action id="HideActiveWindow" />
  <action id="IdeaVim.ReloadVimRc.reload">
    <keyboard-shortcut first-keystroke="shift ctrl i" />
  </action>
  <action id="JumpToLastWindow">
    <keyboard-shortcut first-keystroke="f12" />
  </action>
  <action id="List-selectFirstRowExtendSelection" />
  <action id="List-selectLastRowExtendSelection" />
  <action id="Maven.Reimport">
    <keyboard-shortcut first-keystroke="shift ctrl m" />
  </action>
  <action id="MethodDown">
    <keyboard-shortcut first-keystroke="ctrl alt down" />
    <keyboard-shortcut first-keystroke="shift ctrl down" />
  </action>
  <action id="MethodUp">
    <keyboard-shortcut first-keystroke="shift alt up" />
    <keyboard-shortcut first-keystroke="shift ctrl up" />
  </action>
  <action id="OpenInlineChatAction">
    <keyboard-shortcut first-keystroke="shift ctrl g" />
  </action>
  <action id="ShowContent" />
  <action id="SmartSelect" />
  <action id="SmartUnSelect" />
  <action id="TableResult.GrowSelection" />
  <action id="TableResult.SelectColumn" />
  <action id="TableResult.ShrinkSelection" />
  <action id="Terminal.NextSplitter">
    <keyboard-shortcut first-keystroke="alt tab" />
    <keyboard-shortcut first-keystroke="alt end" />
  </action>
  <action id="Terminal.PrevSplitter">
    <keyboard-shortcut first-keystroke="shift alt tab" />
    <keyboard-shortcut first-keystroke="alt home" />
  </action>
  <action id="Terminal.SwitchFocusToEditor">
    <keyboard-shortcut first-keystroke="shift escape" />
  </action>
  <action id="copilot.disposeInlays" />
  <action id="copilot.requestCompletions">
    <keyboard-shortcut first-keystroke="alt back_slash" />
    <keyboard-shortcut first-keystroke="ctrl space" />
  </action>
</keymap>