<keymap version="1" name="Eclipse copy" parent="Eclipse">
  <action id="CompileDirty">
    <keyboard-shortcut first-keystroke="alt b" />
  </action>
  <action id="DebugClass">
    <keyboard-shortcut first-keystroke="shift ctrl alt f10" />
  </action>
  <action id="EditorChooseLookupItem">
    <keyboard-shortcut first-keystroke="enter" />
    <keyboard-shortcut first-keystroke="ctrl l" />
  </action>
  <action id="Git.Rename.Local.Branch">
    <keyboard-shortcut first-keystroke="shift alt r" />
    <keyboard-shortcut first-keystroke="shift f6" />
  </action>
  <action id="JumpToLastWindow">
    <keyboard-shortcut first-keystroke="shift ctrl l" />
  </action>
  <action id="List-selectNextRow">
    <keyboard-shortcut first-keystroke="down" />
    <keyboard-shortcut first-keystroke="ctrl j" />
  </action>
  <action id="List-selectPreviousRow">
    <keyboard-shortcut first-keystroke="up" />
    <keyboard-shortcut first-keystroke="ctrl k" />
  </action>
  <action id="MoveToolWindowTabToEditorAction">
    <keyboard-shortcut first-keystroke="ctrl l" />
  </action>
  <action id="NavBar-return">
    <keyboard-shortcut first-keystroke="enter" />
    <keyboard-shortcut first-keystroke="ctrl l" />
  </action>
  <action id="NavBar-selectDown">
    <keyboard-shortcut first-keystroke="down" />
    <keyboard-shortcut first-keystroke="ctrl j" />
  </action>
  <action id="NavBar-selectUp">
    <keyboard-shortcut first-keystroke="up" />
    <keyboard-shortcut first-keystroke="ctrl k" />
  </action>
  <action id="PopupMenu-return">
    <keyboard-shortcut first-keystroke="enter" />
    <keyboard-shortcut first-keystroke="ctrl l" />
  </action>
  <action id="PopupMenu-selectChild">
    <keyboard-shortcut first-keystroke="right" />
    <keyboard-shortcut first-keystroke="ctrl l" />
  </action>
  <action id="PopupMenu-selectNext">
    <keyboard-shortcut first-keystroke="down" />
    <keyboard-shortcut first-keystroke="ctrl j" />
  </action>
  <action id="PopupMenu-selectParent">
    <keyboard-shortcut first-keystroke="left" />
    <keyboard-shortcut first-keystroke="ctrl h" />
  </action>
  <action id="PopupMenu-selectPrevious">
    <keyboard-shortcut first-keystroke="up" />
    <keyboard-shortcut first-keystroke="ctrl k" />
  </action>
  <action id="RenameElement">
    <keyboard-shortcut first-keystroke="shift alt r" />
    <keyboard-shortcut first-keystroke="shift f6" />
  </action>
  <action id="SearchEverywhere.SelectItem">
    <keyboard-shortcut first-keystroke="enter" />
    <keyboard-shortcut first-keystroke="ctrl l" />
  </action>
  <action id="Table-selectNextRow">
    <keyboard-shortcut first-keystroke="down" />
    <keyboard-shortcut first-keystroke="ctrl j" />
  </action>
  <action id="Table-selectPreviousRow">
    <keyboard-shortcut first-keystroke="up" />
    <keyboard-shortcut first-keystroke="ctrl k" />
  </action>
  <action id="ToggleBreakpointAction">
    <keyboard-shortcut first-keystroke="shift ctrl d" />
  </action>
  <action id="Tree-selectChild">
    <keyboard-shortcut first-keystroke="right" />
    <keyboard-shortcut first-keystroke="ctrl l" />
  </action>
  <action id="Tree-selectNext">
    <keyboard-shortcut first-keystroke="down" />
    <keyboard-shortcut first-keystroke="ctrl j" />
  </action>
  <action id="Tree-selectParent">
    <keyboard-shortcut first-keystroke="left" />
    <keyboard-shortcut first-keystroke="ctrl h" />
  </action>
  <action id="Tree-selectPrevious">
    <keyboard-shortcut first-keystroke="up" />
    <keyboard-shortcut first-keystroke="ctrl k" />
  </action>
  <action id="UpdateRunningApplication" />
  <action id="Vcs.CombinedDiff.CaretToNextBlock">
    <keyboard-shortcut first-keystroke="down" />
    <keyboard-shortcut first-keystroke="right" />
    <keyboard-shortcut first-keystroke="page_down" />
    <keyboard-shortcut first-keystroke="ctrl j" />
  </action>
  <action id="Vcs.CombinedDiff.CaretToPrevBlock">
    <keyboard-shortcut first-keystroke="up" />
    <keyboard-shortcut first-keystroke="left" />
    <keyboard-shortcut first-keystroke="page_up" />
    <keyboard-shortcut first-keystroke="ctrl k" />
  </action>
  <action id="Vcs.Log.GoToChild">
    <keyboard-shortcut first-keystroke="left" />
    <keyboard-shortcut first-keystroke="ctrl h" />
  </action>
  <action id="android.deploy.ApplyChanges">
    <keyboard-shortcut first-keystroke="ctrl f10" />
  </action>
  <action id="android.deploy.CodeSwap">
    <keyboard-shortcut first-keystroke="ctrl alt f10" />
  </action>
  <action id="copilot.applyInlaysNextWord">
    <keyboard-shortcut first-keystroke="ctrl right" />
    <keyboard-shortcut first-keystroke="shift ctrl right" />
  </action>
  <action id="copilot.disposeInlays">
    <keyboard-shortcut first-keystroke="shift ctrl back_slash" />
  </action>
  <action id="copilot.requestCompletions">
    <keyboard-shortcut first-keystroke="alt back_slash" />
    <keyboard-shortcut first-keystroke="shift ctrl space" />
  </action>
</keymap>