<application>
  <component name="IgnoredPluginSuggestions">
    <option name="pluginIds">
      <list>
        <option value="com.haulmont.jpab" />
        <option value="com.intellij.guice" />
        <option value="aws.toolkit" />
        <option value="com.intellij.spring.batch" />
        <option value="com.intellij.javaee.batch" />
        <option value="com.intellij.bigdatatools" />
        <option value="com.intellij.jsf" />
        <option value="com.intellij.spring.osgi" />
      </list>
    </option>
  </component>
</application>