<application>
  <component name="SonarLintGlobalSettings">
    <option name="focusOnNewCode" value="true" />
    <option name="sonarQubeServers">
      <list>
        <SonarQubeServer>
          <option name="hostUrl" value="https://newposs-sonarqube.local.gebit.de" />
          <token>dfd9dfdbdfdfdff5df9bdfcfdfccdfccdf9ddfc8dfc8df98dfccdfcfdf98dfcbdf9adfc9dfc9df93df9ddfcbdf98dfcedf98dfcedf9cdfccdfc8dfc9df92dfcfdf9bdf99dfcbdfccdf98df9cdf9fdf9fdf9fdf93dfcedf99</token>
          <option name="name" value="https://newposs-sonarqube.local.gebit.de" />
        </SonarQubeServer>
      </list>
    </option>
    <rules />
  </component>
</application>