<application>
  <component name="Trusted.Paths">
    <option name="TRUSTED_PROJECT_PATHS">
      <map>
        <entry key="$USER_HOME$/Documents/PGP" value="true" />
        <entry key="$USER_HOME$/Downloads" value="true" />
        <entry key="$USER_HOME$/IdeaProjects" value="true" />
        <entry key="$USER_HOME$/IdeaProjects/3rdparty" value="true" />
        <entry key="$USER_HOME$/IdeaProjects/DE-2652/google-imali" value="true" />
        <entry key="$USER_HOME$/IdeaProjects/DummyMavenPrject" value="true" />
        <entry key="$USER_HOME$/IdeaProjects/DummyProject" value="true" />
        <entry key="$USER_HOME$/IdeaProjects/amazon-billing-facade" value="true" />
        <entry key="$USER_HOME$/IdeaProjects/application-messaging-router" value="true" />
        <entry key="$USER_HOME$/IdeaProjects/argo-billing-facade" value="true" />
        <entry key="$USER_HOME$/IdeaProjects/backoffice" value="true" />
        <entry key="$USER_HOME$/IdeaProjects/billing-approval-service" value="true" />
        <entry key="$USER_HOME$/IdeaProjects/billinggateway" value="true" />
        <entry key="$USER_HOME$/IdeaProjects/blocklist-service" value="true" />
        <entry key="$USER_HOME$/IdeaProjects/callback-service" value="true" />
        <entry key="$USER_HOME$/IdeaProjects/carrier-messaging" value="true" />
        <entry key="$USER_HOME$/IdeaProjects/common" value="true" />
        <entry key="$USER_HOME$/IdeaProjects/common-concurrent" value="true" />
        <entry key="$USER_HOME$/IdeaProjects/common-enumerations" value="true" />
        <entry key="$USER_HOME$/IdeaProjects/common-hessian" value="true" />
        <entry key="$USER_HOME$/IdeaProjects/common-jms" value="true" />
        <entry key="$USER_HOME$/IdeaProjects/common-remoteconfig" value="true" />
        <entry key="$USER_HOME$/IdeaProjects/common-runtime" value="true" />
        <entry key="$USER_HOME$/IdeaProjects/common-servlet" value="true" />
        <entry key="$USER_HOME$/IdeaProjects/common-validation" value="true" />
        <entry key="$USER_HOME$/IdeaProjects/common-vault" value="true" />
        <entry key="$USER_HOME$/IdeaProjects/common-webservice-auth" value="true" />
        <entry key="$USER_HOME$/IdeaProjects/common-webservice-auth-proxy" value="true" />
        <entry key="$USER_HOME$/IdeaProjects/connector-hessian-client" value="true" />
        <entry key="$USER_HOME$/IdeaProjects/connector-lib" value="true" />
        <entry key="$USER_HOME$/IdeaProjects/connector-modules" value="true" />
        <entry key="$USER_HOME$/IdeaProjects/dev-scripts" value="true" />
        <entry key="$USER_HOME$/IdeaProjects/dev-setup" value="true" />
        <entry key="$USER_HOME$/IdeaProjects/dm-parent" value="true" />
        <entry key="$USER_HOME$/IdeaProjects/dm-parent-17" value="true" />
        <entry key="$USER_HOME$/IdeaProjects/docker-dev-env" value="true" />
        <entry key="$USER_HOME$/IdeaProjects/dummyrestserver-rest" value="true" />
        <entry key="$USER_HOME$/IdeaProjects/finance-report-manager" value="true" />
        <entry key="$USER_HOME$/IdeaProjects/flashnotification-service" value="true" />
        <entry key="$USER_HOME$/IdeaProjects/fuse" value="true" />
        <entry key="$USER_HOME$/IdeaProjects/fuse-batch" value="true" />
        <entry key="$USER_HOME$/IdeaProjects/fuse-dummy" value="true" />
        <entry key="$USER_HOME$/IdeaProjects/fx-service" value="true" />
        <entry key="$USER_HOME$/IdeaProjects/ghactions-pull-requests" value="true" />
        <entry key="$USER_HOME$/IdeaProjects/ghactions-setup-maven" value="true" />
        <entry key="$USER_HOME$/IdeaProjects/github-actions-tag-build" value="true" />
        <entry key="$USER_HOME$/IdeaProjects/github-api-lib" value="true" />
        <entry key="$USER_HOME$/IdeaProjects/google-imali" value="true" />
        <entry key="$USER_HOME$/IdeaProjects/google-play" value="true" />
        <entry key="$USER_HOME$/IdeaProjects/googleimaliproxy-service" value="true" />
        <entry key="$USER_HOME$/IdeaProjects/googleplay-tools" value="true" />
        <entry key="$USER_HOME$/IdeaProjects/heartbeat-service" value="true" />
        <entry key="$USER_HOME$/IdeaProjects/hub" value="true" />
        <entry key="$USER_HOME$/IdeaProjects/integratordataimporter-service" value="true" />
        <entry key="$USER_HOME$/IdeaProjects/issuer-account" value="true" />
        <entry key="$USER_HOME$/IdeaProjects/jmsqueuemonitorservice" value="true" />
        <entry key="$USER_HOME$/IdeaProjects/kcellkzbcbapi-connector" value="true" />
        <entry key="$USER_HOME$/IdeaProjects/merchant-data-interchange" value="true" />
        <entry key="$USER_HOME$/IdeaProjects/merchant-self-care-portal" value="true" />
        <entry key="$USER_HOME$/IdeaProjects/merchant-service" value="true" />
        <entry key="$USER_HOME$/IdeaProjects/merchantconfig-client" value="true" />
        <entry key="$USER_HOME$/IdeaProjects/merchantsimulator-service" value="true" />
        <entry key="$USER_HOME$/IdeaProjects/mft-eng-tools" value="true" />
        <entry key="$USER_HOME$/IdeaProjects/microsoft-billing-facade" value="true" />
        <entry key="$USER_HOME$/IdeaProjects/microsoft-reconciliation" value="true" />
        <entry key="$USER_HOME$/IdeaProjects/networkavailability-service" value="true" />
        <entry key="$USER_HOME$/IdeaProjects/notificationscheduler-service" value="true" />
        <entry key="$USER_HOME$/IdeaProjects/o2-de-unica" value="true" />
        <entry key="$USER_HOME$/IdeaProjects/o2-uk" value="true" />
        <entry key="$USER_HOME$/IdeaProjects/partner-data-importer" value="true" />
        <entry key="$USER_HOME$/IdeaProjects/payment-frontiers-common-tools" value="true" />
        <entry key="$USER_HOME$/IdeaProjects/paymo-common" value="true" />
        <entry key="$USER_HOME$/IdeaProjects/payout-blackbox-tester" value="true" />
        <entry key="$USER_HOME$/IdeaProjects/payout-blackbox-tester-reverse-api-facade" value="true" />
        <entry key="$USER_HOME$/IdeaProjects/payout-blackbox-tester/payout-blackbox-tester-api" value="true" />
        <entry key="$USER_HOME$/IdeaProjects/payout-info-service" value="true" />
        <entry key="$USER_HOME$/IdeaProjects/payout-related-info-rest" value="true" />
        <entry key="$USER_HOME$/IdeaProjects/payout-related-info-service" value="true" />
        <entry key="$USER_HOME$/IdeaProjects/payout-service" value="true" />
        <entry key="$USER_HOME$/IdeaProjects/persistence-configuration" value="true" />
        <entry key="$USER_HOME$/IdeaProjects/pricing-service" value="true" />
        <entry key="$USER_HOME$/IdeaProjects/reconciliation" value="true" />
        <entry key="$USER_HOME$/IdeaProjects/refund-service" value="true" />
        <entry key="$USER_HOME$/IdeaProjects/remote-config-service" value="true" />
        <entry key="$USER_HOME$/IdeaProjects/reporting-service" value="true" />
        <entry key="$USER_HOME$/IdeaProjects/reportingengine" value="true" />
        <entry key="$USER_HOME$/IdeaProjects/response-coordinator" value="true" />
        <entry key="$USER_HOME$/IdeaProjects/rest-api-archetype" value="true" />
        <entry key="$USER_HOME$/IdeaProjects/reversal-service" value="true" />
        <entry key="$USER_HOME$/IdeaProjects/reverse-api-facade-archetype" value="true" />
        <entry key="$USER_HOME$/IdeaProjects/risk-service" value="true" />
        <entry key="$USER_HOME$/IdeaProjects/scheduler" value="true" />
        <entry key="$USER_HOME$/IdeaProjects/sendsms-service" value="true" />
        <entry key="$USER_HOME$/IdeaProjects/settlement" value="true" />
        <entry key="$USER_HOME$/IdeaProjects/shared-libs" value="true" />
        <entry key="$USER_HOME$/IdeaProjects/slareporting-service" value="true" />
        <entry key="$USER_HOME$/IdeaProjects/smarty" value="true" />
        <entry key="$USER_HOME$/IdeaProjects/tardis" value="true" />
        <entry key="$USER_HOME$/IdeaProjects/tardis-ui" value="true" />
        <entry key="$USER_HOME$/IdeaProjects/tax-service" value="true" />
        <entry key="$USER_HOME$/IdeaProjects/tpv-aggregate" value="true" />
        <entry key="$USER_HOME$/IdeaProjects/transactionmetadata-service" value="true" />
        <entry key="$USER_HOME$/IdeaProjects/transactionstatus-service" value="true" />
        <entry key="$USER_HOME$/IdeaProjects/vinz-service" value="true" />
        <entry key="$USER_HOME$/Projects/eng_plt/dev-controller" value="true" />
        <entry key="$USER_HOME$/Projects/eng_plt/dev-runner" value="true" />
        <entry key="$USER_HOME$/Projects/payout-related-info-service" value="true" />
        <entry key="$USER_HOME$/Projects/payout-service" value="true" />
        <entry key="$USER_HOME$/Projects/rm/java-version-switcher" value="true" />
        <entry key="$USER_HOME$/dev/acoss/assco-infrastructure-adapter/aldisued/warp/development" value="true" />
        <entry key="$USER_HOME$/dev/acoss/assco-infrastructure-adapter/as-sco/assco-infrastructure-adapter" value="true" />
        <entry key="$USER_HOME$/dev/acoss/assco-rp-combined-services/aldisued/warp/development" value="true" />
        <entry key="$USER_HOME$/dev/acoss/assco-rp-combined-services/as-sco/assco-rp-services/assco-rp-combined-services" value="true" />
        <entry key="$USER_HOME$/dev/acoss/assco-rp-purchase-service/aldisued/warp/development" value="true" />
        <entry key="$USER_HOME$/dev/acoss/assco-rp-purchase-service/as-sco/assco-rp-services/assco-rp-purchase-service" value="true" />
        <entry key="$USER_HOME$/dev/acoss/rp-vertical-pos-app-adapter-local/aldisued/warp/development" value="true" />
        <entry key="$USER_HOME$/dev/acoss/rp-vertical-pos-app-adapter-local/as-sco/rp-vertical-pos-app-adapter-local" value="true" />
        <entry key="$USER_HOME$/dev/acoss2/rp-vertical-pos-app-adapter-local/aldisued/warp/development" value="true" />
        <entry key="$USER_HOME$/dev/acoss2/rp-vertical-pos-app-adapter-local/as-sco/assco-deployment" value="true" />
        <entry key="$USER_HOME$/dev/acoss2/rp-vertical-pos-app-adapter-local/as-sco/rp-vertical-pos-app-adapter-local" value="true" />
        <entry key="$USER_HOME$/dev/aldi/assco-infrastructure-adapter/assco-development-settings" value="true" />
        <entry key="$USER_HOME$/dev/aldi/assco-infrastructure-adapter/assco-infrastructure-adapter" value="true" />
        <entry key="$USER_HOME$/dev/aldi/assco-rp-combined-services/assco-development-settings" value="true" />
        <entry key="$USER_HOME$/dev/aldi/assco-rp-combined-services/assco-rp-combined-services" value="true" />
        <entry key="$USER_HOME$/dev/aldi/rp-vertical-pos-app-adapter-local/assco-development-settings" value="true" />
        <entry key="$USER_HOME$/dev/aldi/rp-vertical-pos-app-adapter-local/development" value="true" />
        <entry key="$USER_HOME$/dev/aldi/rp-vertical-pos-app-adapter-local/rp-vertical-pos-app-adapter-local" value="true" />
        <entry key="$USER_HOME$/dev/assco-development-settings" value="true" />
        <entry key="$USER_HOME$/dev/assco-infrastructure-adapter/assco-development-settings" value="true" />
        <entry key="$USER_HOME$/dev/assco-infrastructure-adapter/assco-infrastructure-adapter" value="true" />
        <entry key="$USER_HOME$/dev/assco-infrastructure-adapter/development" value="true" />
        <entry key="$USER_HOME$/dev/assco-rp-pricing-service" value="true" />
        <entry key="$USER_HOME$/dev/assco-rp-purchase-service" value="true" />
        <entry key="$USER_HOME$/dev/assco-rp-purchase-service/assco-development-settings" value="true" />
        <entry key="$USER_HOME$/dev/assco-rp-purchase-service/assco-rp-purchase-service" value="true" />
        <entry key="$USER_HOME$/dev/branches/DE-2642/google-imali" value="true" />
        <entry key="$USER_HOME$/dev/branches/DE-2644/backoffice" value="true" />
        <entry key="$USER_HOME$/dev/branches/DE-2648/googleimaliproxy-service" value="true" />
        <entry key="$USER_HOME$/dev/branches/DE-3089" value="true" />
        <entry key="$USER_HOME$/dev/branches/backoffice/master/backoffice" value="true" />
        <entry key="$USER_HOME$/dev/branches/cache-expiration-testing/payout-blackbox-tester" value="true" />
        <entry key="$USER_HOME$/dev/branches/de3753/hub" value="true" />
        <entry key="$USER_HOME$/dev/branches/dev-runner" value="true" />
        <entry key="$USER_HOME$/dev/branches/docker-dev-env" value="true" />
        <entry key="$USER_HOME$/dev/branches/fuse" value="true" />
        <entry key="$USER_HOME$/dev/branches/google-imali" value="true" />
        <entry key="$USER_HOME$/dev/branches/google-play" value="true" />
        <entry key="$USER_HOME$/dev/branches/hub" value="true" />
        <entry key="$USER_HOME$/dev/branches/kcellkzbcbapi-connector" value="true" />
        <entry key="$USER_HOME$/dev/branches/merchantsimulator-service" value="true" />
        <entry key="$USER_HOME$/dev/branches/payout-blackbox-tester" value="true" />
        <entry key="$USER_HOME$/dev/branches/payout-blackbox-tester/payout-blackbox-tester-api" value="true" />
        <entry key="$USER_HOME$/dev/branches/payout-related-info-service" value="true" />
        <entry key="$USER_HOME$/dev/branches/payout-related-info-service-take-3" value="true" />
        <entry key="$USER_HOME$/dev/branches/payout-service" value="true" />
        <entry key="$USER_HOME$/dev/branches/refund-service" value="true" />
        <entry key="$USER_HOME$/dev/cherry-pick/fuse" value="true" />
        <entry key="$USER_HOME$/dev/cherry-pick/google-imali" value="true" />
        <entry key="$USER_HOME$/dev/cherry-pick/google-play" value="true" />
        <entry key="$USER_HOME$/dev/gebit/financial-transaction-hub" value="true" />
        <entry key="$USER_HOME$/dev/gebit/financial-transaction-hub-api" value="true" />
        <entry key="$USER_HOME$/dev/gmvn" value="true" />
        <entry key="$USER_HOME$/dev/python/pgp-manager" value="true" />
        <entry key="$USER_HOME$/dev/release/assco-pos-adapter/rp-vertical-pos-app-adapter-local" value="true" />
        <entry key="$USER_HOME$/dev/release/assco-rp-services/assco-rp-fth-service" value="true" />
        <entry key="$USER_HOME$/dev/release/assco-rp-services/assco-rp-online-payment-service" value="true" />
        <entry key="$USER_HOME$/dev/release/assco-rp-services/assco-rp-purchase-service" value="true" />
        <entry key="$USER_HOME$/dev/rp-vertical-pos-app-adapter-local" value="true" />
        <entry key="$USER_HOME$/dev/rp-vertical-pos-app-adapter-local/assco-development-settings" value="true" />
        <entry key="$USER_HOME$/dev/rp-vertical-pos-app-adapter-local/development" value="true" />
        <entry key="$USER_HOME$/dev/rp-vertical-pos-app-adapter-local/rp-vertical-pos-app-adapter-local" value="true" />
        <entry key="$USER_HOME$/dev/stable/google-imali" value="true" />
        <entry key="$USER_HOME$/dev/tmp/assco-development-settings" value="true" />
        <entry key="$USER_HOME$/dev/tmp/football-arkanoid" value="true" />
        <entry key="$USER_HOME$/dev/tmp/fuse" value="true" />
        <entry key="$USER_HOME$/dev/tmp/payout-service" value="true" />
        <entry key="$USER_HOME$/dev/tmp/rp-vertical-pos-app-adapter-local" value="true" />
        <entry key="$USER_HOME$/projects/academy/HelloWorldInDart" value="true" />
        <entry key="$USER_HOME$/projects/academy/concurrency" value="true" />
        <entry key="$USER_HOME$/projects/academy/debugging" value="true" />
        <entry key="$USER_HOME$/projects/academy/flutter_workshop_getting_started" value="true" />
        <entry key="$USER_HOME$/projects/academy/hello_flutter" value="true" />
        <entry key="$USER_HOME$/projects/academy/myconcurrency" value="true" />
        <entry key="$USER_HOME$/projects/academy/retail-example-flutter/flutter_client_tutorial_project" value="true" />
        <entry key="$USER_HOME$/projects/academy/retail-example/rp-refimpls-tutorial-inventory" value="true" />
        <entry key="$USER_HOME$/projects/academy/retail-example/rp-refimpls-tutorial-shoppingcart" value="true" />
        <entry key="$USER_HOME$/projects/academy/spring-and-spring-boot-basics/01-simple-spring-boot-application" value="true" />
        <entry key="$USER_HOME$/projects/academy/spring-and-spring-boot-basics/02-my-first-bean" value="true" />
        <entry key="$USER_HOME$/projects/academy/spring-and-spring-boot-basics/03-my-first-runner" value="true" />
        <entry key="$USER_HOME$/projects/academy/spring-and-spring-boot-basics/04-autowired" value="true" />
        <entry key="$USER_HOME$/projects/academy/spring-and-spring-boot-basics/05-junit-tests" value="true" />
        <entry key="$USER_HOME$/projects/academy/spring-and-spring-boot-basics/06-controller-repository-service" value="true" />
        <entry key="$USER_HOME$/projects/academy/spring-and-spring-boot-basics/07-bean-annotation" value="true" />
        <entry key="$USER_HOME$/projects/academy/tutorials-inventory" value="true" />
        <entry key="$USER_HOME$/projects/intellij-development-settings" value="true" />
        <entry key="$USER_HOME$/projects/omnichannel/development/tilt" value="true" />
        <entry key="$USER_HOME$/projects/playground/tutorial-article" value="true" />
        <entry key="$USER_HOME$/projects/playground/tutorial-shoppingcart" value="true" />
        <entry key="$USER_HOME$/projects/playground/tutorials-inventory" value="true" />
        <entry key="$USER_HOME$/projects/retail-example/rp-refimpls-tutorial-article" value="true" />
        <entry key="$USER_HOME$/projects/retail-example/rp-refimpls-tutorial-inventory" value="true" />
        <entry key="$USER_HOME$/projects/retail-example/rp-refimpls-tutorial-shoppingcart" value="true" />
      </map>
    </option>
  </component>
  <component name="Trusted.Paths.Settings">
    <option name="TRUSTED_PATHS">
      <list>
        <option value="$USER_HOME$/IdeaProjects" />
        <option value="$USER_HOME$/dev/tmp" />
        <option value="$USER_HOME$/dev/branches" />
        <option value="$USER_HOME$/Projects" />
        <option value="$USER_HOME$/projects/playground" />
        <option value="$USER_HOME$/projects" />
        <option value="$USER_HOME$/dev" />
      </list>
    </option>
  </component>
</application>