<application>
  <component name="UpdatesConfigurable">
    <ignoredBuildNumbers>
      <item value="242.21829.142" />
    </ignoredBuildNumbers>
    <option name="LAST_BUILD_CHECKED" value="IC-251.23774.435" />
    <option name="LAST_TIME_CHECKED" value="1747752511823" />
    <option name="OBSOLETE_CUSTOM_REPOSITORIES_CLEAN_NEEDED" value="false" />
    <option name="PLUGINS_AUTO_UPDATE" value="true" />
    <option name="THIRD_PARTY_PLUGINS_ALLOWED" value="true" />
    <option name="WHATS_NEW_SHOWN_FOR" value="251" />
  </component>
</application>