<application>
  <component name="Vcs.Log.App.Settings">
    <option name="COLUMN_ID_ORDER">
      <list>
        <option value="Default.Root" />
        <option value="Default.Author" />
        <option value="Default.Subject" />
        <option value="Default.Date" />
      </list>
    </option>
    <option name="PREFER_COMMIT_DATE" value="true" />
  </component>
  <component name="VcsApplicationSettings">
    <option name="PATCH_STORAGE_LOCATION" value="$USER_HOME$/Documents" />
  </component>
</application>