<application>
  <component name="DimensionService">
    <location key="find.popup.0.0.3840.2160@120dpi" x="507" y="233" />
    <location key="#com.intellij.structuralsearch.plugin.ui.StructuralSearchDialog.0.0.3840.2160@120dpi" x="1206" y="727" />
    <location key="find.popup.-2560.720.2560.1440@120dpi" x="-1975" y="1120" />
    <location key="find.popup.-1912.4320.3456.2234@240dpi" x="-1032" y="4770" />
    <location key="find.popup.0.0.3456.2234@240dpi" x="880" y="430" />
    <location key="find.popup.0.0.1920.1080@120dpi" x="418" y="75" />
    <location key="find.popup.1728.0.1920.1080@120dpi" x="1912" y="165" />
    <location key="find.popup.1043.-2160.3840.2160@120dpi" x="2682" y="-2000" />
    <location key="find.popup.0.0.2560.1440@120dpi" x="540" y="42" />
    <location key="find.popup.-2560.-323.2560.1440@120dpi" x="-2270" y="-111" />
    <location key="find.popup.-2560.0.2560.1440@120dpi" x="-1556" y="203" />
    <location key="find.popup.0.0.6720.3780@240dpi" x="1516" y="1000" />
    <location key="find.popup.1728.37.1920.1080@120dpi" x="2327" y="314" />
    <location key="find.popup.-963.-2160.3840.2160@120dpi" x="13" y="-1768" />
    <location key="find.popup.3456.-2086.6720.3780@240dpi" x="5168" y="-1388" />
    <location key="find.popup.3360.0.2560.1440@120dpi" x="4359" y="160" />
    <location key="find.popup.0.0.2662.1498@120dpi" x="915" y="135" />
    <location key="find.popup.2662.0.3840.2160@120dpi" x="3982" y="195" />
    <location key="find.popup.1920.0.2560.1440@144dpi" x="2851" y="135" />
    <location key="find.popup.2662.0.3840.2160@144dpi" x="2858" y="203" />
    <location key="find.popup.0.0.2662.1498@144dpi" x="212" y="135" />
    <location key="find.popup.0.0.2400.1500@144dpi" x="123" y="141" />
    <location key="find.popup.0.0.3840.2160@144dpi" x="197" y="203" />
    <size key="GridCell.Tab.0.left.0.0.3456.2234@192dpi" width="3372" height="656" />
    <size key="GridCell.Tab.0.center.0.0.3456.2234@192dpi" width="3372" height="656" />
    <size key="GridCell.Tab.0.right.0.0.3456.2234@192dpi" width="3372" height="656" />
    <size key="GridCell.Tab.0.bottom.0.0.3456.2234@192dpi" width="3372" height="656" />
    <size key="GridCell.Tab.0.left.0.0.3840.2160@120dpi" width="3738" height="652" />
    <size key="GridCell.Tab.0.center.0.0.3840.2160@120dpi" width="3738" height="652" />
    <size key="GridCell.Tab.0.right.0.0.3840.2160@120dpi" width="3738" height="652" />
    <size key="GridCell.Tab.0.bottom.0.0.3840.2160@120dpi" width="3738" height="652" />
    <size key="GridCell.Tab.1.left.0.0.3840.2160@120dpi" width="3738" height="652" />
    <size key="GridCell.Tab.1.center.0.0.3840.2160@120dpi" width="3738" height="652" />
    <size key="GridCell.Tab.1.right.0.0.3840.2160@120dpi" width="3738" height="652" />
    <size key="GridCell.Tab.1.bottom.0.0.3840.2160@120dpi" width="3738" height="652" />
    <size key="GridCell.Tab.2.left.0.0.3840.2160@120dpi" width="3177" height="652" />
    <size key="GridCell.Tab.2.center.0.0.3840.2160@120dpi" width="3177" height="652" />
    <size key="GridCell.Tab.2.right.0.0.3840.2160@120dpi" width="3177" height="652" />
    <size key="GridCell.Tab.2.bottom.0.0.3840.2160@120dpi" width="3177" height="652" />
    <size key="GridCell.Tab.0.left.-2560.720.2560.1440@120dpi" width="2089" height="652" />
    <size key="GridCell.Tab.0.center.-2560.720.2560.1440@120dpi" width="2089" height="652" />
    <size key="GridCell.Tab.0.right.-2560.720.2560.1440@120dpi" width="2089" height="652" />
    <size key="GridCell.Tab.0.bottom.-2560.720.2560.1440@120dpi" width="2089" height="652" />
    <size key="find.popup.0.0.3840.2160@120dpi" width="2340" height="1415" />
    <size key="#com.intellij.structuralsearch.plugin.ui.StructuralSearchDialog.0.0.3840.2160@120dpi" width="1428" height="646" />
    <size key="GridCell.Tab.0.left.-1912.4320.3456.2234@240dpi" width="2058" height="1242" />
    <size key="GridCell.Tab.0.center.-1912.4320.3456.2234@240dpi" width="2058" height="1242" />
    <size key="GridCell.Tab.0.right.-1912.4320.3456.2234@240dpi" width="2058" height="1242" />
    <size key="GridCell.Tab.0.bottom.-1912.4320.3456.2234@240dpi" width="2058" height="1242" />
    <size key="find.popup.-2560.720.2560.1440@120dpi" width="1362" height="875" />
    <size key="find.popup.-1912.4320.3456.2234@240dpi" width="1678" height="1004" />
    <size key="GridCell.Tab.1.left.-2560.720.2560.1440@120dpi" width="2089" height="652" />
    <size key="GridCell.Tab.1.center.-2560.720.2560.1440@120dpi" width="2089" height="652" />
    <size key="GridCell.Tab.1.right.-2560.720.2560.1440@120dpi" width="2089" height="652" />
    <size key="GridCell.Tab.1.bottom.-2560.720.2560.1440@120dpi" width="2089" height="652" />
    <size key="GridCell.Tab.3.left.0.0.3840.2160@120dpi" width="3177" height="652" />
    <size key="GridCell.Tab.3.center.0.0.3840.2160@120dpi" width="3177" height="652" />
    <size key="GridCell.Tab.3.right.0.0.3840.2160@120dpi" width="3177" height="652" />
    <size key="GridCell.Tab.3.bottom.0.0.3840.2160@120dpi" width="3177" height="652" />
    <size key="GridCell.Tab.0.left.0.0.3456.2234@240dpi" width="3346" height="806" />
    <size key="GridCell.Tab.0.center.0.0.3456.2234@240dpi" width="3346" height="806" />
    <size key="GridCell.Tab.0.right.0.0.3456.2234@240dpi" width="3346" height="806" />
    <size key="GridCell.Tab.0.bottom.0.0.3456.2234@240dpi" width="3346" height="806" />
    <size key="GridCell.Tab.1.left.0.0.3456.2234@240dpi" width="3346" height="806" />
    <size key="GridCell.Tab.1.center.0.0.3456.2234@240dpi" width="3346" height="806" />
    <size key="GridCell.Tab.1.right.0.0.3456.2234@240dpi" width="3346" height="806" />
    <size key="GridCell.Tab.1.bottom.0.0.3456.2234@240dpi" width="3346" height="806" />
    <size key="GridCell.Tab.2.left.0.0.3456.2234@240dpi" width="1430" height="682" />
    <size key="GridCell.Tab.2.center.0.0.3456.2234@240dpi" width="1430" height="682" />
    <size key="GridCell.Tab.2.right.0.0.3456.2234@240dpi" width="1430" height="682" />
    <size key="GridCell.Tab.2.bottom.0.0.3456.2234@240dpi" width="1430" height="682" />
    <size key="GridCell.Tab.3.left.0.0.3456.2234@240dpi" width="1430" height="682" />
    <size key="GridCell.Tab.3.center.0.0.3456.2234@240dpi" width="1430" height="682" />
    <size key="GridCell.Tab.3.right.0.0.3456.2234@240dpi" width="1430" height="682" />
    <size key="GridCell.Tab.3.bottom.0.0.3456.2234@240dpi" width="1430" height="682" />
    <size key="find.popup.0.0.3456.2234@240dpi" width="2272" height="790" />
    <size key="GridCell.Tab.1.left.-1912.4320.3456.2234@240dpi" width="2058" height="1242" />
    <size key="GridCell.Tab.1.center.-1912.4320.3456.2234@240dpi" width="2058" height="1242" />
    <size key="GridCell.Tab.1.right.-1912.4320.3456.2234@240dpi" width="2058" height="1242" />
    <size key="GridCell.Tab.1.bottom.-1912.4320.3456.2234@240dpi" width="2058" height="1242" />
    <size key="GridCell.Tab.2.left.-2560.720.2560.1440@120dpi" width="2089" height="652" />
    <size key="GridCell.Tab.2.center.-2560.720.2560.1440@120dpi" width="2089" height="652" />
    <size key="GridCell.Tab.2.right.-2560.720.2560.1440@120dpi" width="2089" height="652" />
    <size key="GridCell.Tab.2.bottom.-2560.720.2560.1440@120dpi" width="2089" height="652" />
    <size key="GridCell.Tab.3.left.-2560.720.2560.1440@120dpi" width="2089" height="652" />
    <size key="GridCell.Tab.3.center.-2560.720.2560.1440@120dpi" width="2089" height="652" />
    <size key="GridCell.Tab.3.right.-2560.720.2560.1440@120dpi" width="2089" height="652" />
    <size key="GridCell.Tab.3.bottom.-2560.720.2560.1440@120dpi" width="2089" height="652" />
    <size key="GridCell.Tab.1.left.0.0.1920.1080@120dpi" width="1868" height="375" />
    <size key="GridCell.Tab.1.center.0.0.1920.1080@120dpi" width="1868" height="375" />
    <size key="GridCell.Tab.1.right.0.0.1920.1080@120dpi" width="1868" height="375" />
    <size key="GridCell.Tab.1.bottom.0.0.1920.1080@120dpi" width="1868" height="375" />
    <size key="GridCell.Tab.0.right.0.0.1920.1080@120dpi" width="1868" height="375" />
    <size key="GridCell.Tab.0.left.0.0.1920.1080@120dpi" width="1868" height="375" />
    <size key="GridCell.Tab.0.center.0.0.1920.1080@120dpi" width="1868" height="375" />
    <size key="GridCell.Tab.0.bottom.0.0.1920.1080@120dpi" width="1868" height="375" />
    <size key="find.popup.0.0.1920.1080@120dpi" width="1506" height="960" />
    <size key="GridCell.Tab.0.left.1728.0.1920.1080@120dpi" width="1868" height="329" />
    <size key="GridCell.Tab.0.center.1728.0.1920.1080@120dpi" width="1868" height="329" />
    <size key="GridCell.Tab.0.right.1728.0.1920.1080@120dpi" width="1868" height="329" />
    <size key="GridCell.Tab.0.bottom.1728.0.1920.1080@120dpi" width="1868" height="329" />
    <size key="GridCell.Tab.1.left.1728.0.1920.1080@120dpi" width="1868" height="285" />
    <size key="GridCell.Tab.1.center.1728.0.1920.1080@120dpi" width="1868" height="285" />
    <size key="GridCell.Tab.1.right.1728.0.1920.1080@120dpi" width="1868" height="285" />
    <size key="GridCell.Tab.1.bottom.1728.0.1920.1080@120dpi" width="1868" height="285" />
    <size key="GridCell.Tab.2.left.1728.0.1920.1080@120dpi" width="1556" height="503" />
    <size key="GridCell.Tab.2.center.1728.0.1920.1080@120dpi" width="1556" height="503" />
    <size key="GridCell.Tab.2.right.1728.0.1920.1080@120dpi" width="1556" height="503" />
    <size key="GridCell.Tab.2.bottom.1728.0.1920.1080@120dpi" width="1556" height="503" />
    <size key="GridCell.Tab.3.left.1728.0.1920.1080@120dpi" width="1556" height="503" />
    <size key="GridCell.Tab.3.center.1728.0.1920.1080@120dpi" width="1556" height="503" />
    <size key="GridCell.Tab.3.right.1728.0.1920.1080@120dpi" width="1556" height="503" />
    <size key="GridCell.Tab.3.bottom.1728.0.1920.1080@120dpi" width="1556" height="503" />
    <size key="find.popup.1728.0.1920.1080@120dpi" width="1299" height="604" />
    <size key="find.popup.1043.-2160.3840.2160@120dpi" width="748" height="906" />
    <size key="GridCell.Tab.0.left.0.0.2560.1440@120dpi" width="989" height="358" />
    <size key="GridCell.Tab.0.center.0.0.2560.1440@120dpi" width="989" height="358" />
    <size key="GridCell.Tab.0.right.0.0.2560.1440@120dpi" width="989" height="358" />
    <size key="GridCell.Tab.0.bottom.0.0.2560.1440@120dpi" width="989" height="358" />
    <size key="GridCell.Tab.1.left.0.0.2560.1440@120dpi" width="989" height="358" />
    <size key="GridCell.Tab.1.center.0.0.2560.1440@120dpi" width="989" height="358" />
    <size key="GridCell.Tab.1.right.0.0.2560.1440@120dpi" width="989" height="358" />
    <size key="GridCell.Tab.1.bottom.0.0.2560.1440@120dpi" width="989" height="358" />
    <size key="GridCell.Tab.2.left.0.0.2560.1440@120dpi" width="2100" height="390" />
    <size key="GridCell.Tab.2.center.0.0.2560.1440@120dpi" width="2100" height="390" />
    <size key="GridCell.Tab.2.right.0.0.2560.1440@120dpi" width="2100" height="390" />
    <size key="GridCell.Tab.2.bottom.0.0.2560.1440@120dpi" width="2100" height="390" />
    <size key="GridCell.Tab.3.left.0.0.2560.1440@120dpi" width="2100" height="390" />
    <size key="GridCell.Tab.3.center.0.0.2560.1440@120dpi" width="2100" height="390" />
    <size key="GridCell.Tab.3.right.0.0.2560.1440@120dpi" width="2100" height="390" />
    <size key="GridCell.Tab.3.bottom.0.0.2560.1440@120dpi" width="2100" height="390" />
    <size key="find.popup.0.0.2560.1440@120dpi" width="1738" height="1398" />
    <size key="find.popup.-2560.-323.2560.1440@120dpi" width="2169" height="1228" />
    <size key="GridCell.Tab.0.right.-2560.-323.2560.1440@120dpi" width="939" height="498" />
    <size key="GridCell.Tab.0.left.-2560.-323.2560.1440@120dpi" width="939" height="498" />
    <size key="GridCell.Tab.0.center.-2560.-323.2560.1440@120dpi" width="939" height="498" />
    <size key="GridCell.Tab.0.bottom.-2560.-323.2560.1440@120dpi" width="939" height="498" />
    <size key="GridCell.Tab.1.left.-2560.-323.2560.1440@120dpi" width="2454" height="300" />
    <size key="GridCell.Tab.1.center.-2560.-323.2560.1440@120dpi" width="2454" height="300" />
    <size key="GridCell.Tab.1.right.-2560.-323.2560.1440@120dpi" width="2454" height="300" />
    <size key="GridCell.Tab.1.bottom.-2560.-323.2560.1440@120dpi" width="2454" height="300" />
    <size key="find.popup.-2560.0.2560.1440@120dpi" width="1151" height="795" />
    <size key="GridCell.Tab.0.left.-2560.0.2560.1440@120dpi" width="2459" height="449" />
    <size key="GridCell.Tab.0.center.-2560.0.2560.1440@120dpi" width="2459" height="449" />
    <size key="GridCell.Tab.0.right.-2560.0.2560.1440@120dpi" width="2459" height="449" />
    <size key="GridCell.Tab.0.bottom.-2560.0.2560.1440@120dpi" width="2459" height="449" />
    <size key="GridCell.Tab.1.left.-2560.0.2560.1440@120dpi" width="2459" height="449" />
    <size key="GridCell.Tab.1.center.-2560.0.2560.1440@120dpi" width="2459" height="449" />
    <size key="GridCell.Tab.1.right.-2560.0.2560.1440@120dpi" width="2459" height="449" />
    <size key="GridCell.Tab.1.bottom.-2560.0.2560.1440@120dpi" width="2459" height="449" />
    <size key="GridCell.Tab.0.right.-3264.-3780.6720.3780@240dpi" width="3352" height="350" />
    <size key="GridCell.Tab.0.left.-3264.-3780.6720.3780@240dpi" width="3352" height="350" />
    <size key="GridCell.Tab.0.center.-3264.-3780.6720.3780@240dpi" width="3352" height="350" />
    <size key="GridCell.Tab.0.bottom.-3264.-3780.6720.3780@240dpi" width="3352" height="350" />
    <size key="GridCell.Tab.0.left.0.0.6720.3780@240dpi" width="5400" height="1046" />
    <size key="GridCell.Tab.0.center.0.0.6720.3780@240dpi" width="5400" height="1046" />
    <size key="GridCell.Tab.0.right.0.0.6720.3780@240dpi" width="5400" height="1046" />
    <size key="GridCell.Tab.0.bottom.0.0.6720.3780@240dpi" width="5400" height="1046" />
    <size key="GridCell.Tab.1.left.0.0.6720.3780@240dpi" width="4560" height="1066" />
    <size key="GridCell.Tab.1.center.0.0.6720.3780@240dpi" width="4560" height="1066" />
    <size key="GridCell.Tab.1.right.0.0.6720.3780@240dpi" width="4560" height="1066" />
    <size key="GridCell.Tab.1.bottom.0.0.6720.3780@240dpi" width="4560" height="1066" />
    <size key="find.popup.0.0.6720.3780@240dpi" width="3220" height="1836" />
    <size key="GridCell.Tab.2.left.0.0.6720.3780@240dpi" width="4764" height="922" />
    <size key="GridCell.Tab.2.center.0.0.6720.3780@240dpi" width="4764" height="922" />
    <size key="GridCell.Tab.2.right.0.0.6720.3780@240dpi" width="4764" height="922" />
    <size key="GridCell.Tab.2.bottom.0.0.6720.3780@240dpi" width="4764" height="922" />
    <size key="GridCell.Tab.3.left.0.0.6720.3780@240dpi" width="4764" height="922" />
    <size key="GridCell.Tab.3.center.0.0.6720.3780@240dpi" width="4764" height="922" />
    <size key="GridCell.Tab.3.right.0.0.6720.3780@240dpi" width="4764" height="922" />
    <size key="GridCell.Tab.3.bottom.0.0.6720.3780@240dpi" width="4764" height="922" />
    <size key="find.popup.1728.37.1920.1080@120dpi" width="993" height="640" />
    <size key="GridCell.Tab.0.left.1728.37.1920.1080@120dpi" width="1865" height="444" />
    <size key="GridCell.Tab.0.center.1728.37.1920.1080@120dpi" width="1865" height="444" />
    <size key="GridCell.Tab.0.right.1728.37.1920.1080@120dpi" width="1865" height="444" />
    <size key="GridCell.Tab.0.bottom.1728.37.1920.1080@120dpi" width="1865" height="444" />
    <size key="GridCell.Tab.1.left.1728.37.1920.1080@120dpi" width="1865" height="444" />
    <size key="GridCell.Tab.1.center.1728.37.1920.1080@120dpi" width="1865" height="444" />
    <size key="GridCell.Tab.1.right.1728.37.1920.1080@120dpi" width="1865" height="444" />
    <size key="GridCell.Tab.1.bottom.1728.37.1920.1080@120dpi" width="1865" height="444" />
    <size key="GridCell.Tab.3.left.1728.37.1920.1080@120dpi" width="1642" height="203" />
    <size key="GridCell.Tab.3.center.1728.37.1920.1080@120dpi" width="1642" height="203" />
    <size key="GridCell.Tab.3.right.1728.37.1920.1080@120dpi" width="1642" height="203" />
    <size key="GridCell.Tab.3.bottom.1728.37.1920.1080@120dpi" width="1642" height="203" />
    <size key="GridCell.Tab.2.left.1728.37.1920.1080@120dpi" width="1642" height="203" />
    <size key="GridCell.Tab.2.center.1728.37.1920.1080@120dpi" width="1642" height="203" />
    <size key="GridCell.Tab.2.right.1728.37.1920.1080@120dpi" width="1642" height="203" />
    <size key="GridCell.Tab.2.bottom.1728.37.1920.1080@120dpi" width="1642" height="203" />
    <size key="GridCell.Tab.5.left.0.0.3840.2160@120dpi" width="1752" height="668" />
    <size key="GridCell.Tab.5.center.0.0.3840.2160@120dpi" width="1752" height="668" />
    <size key="GridCell.Tab.5.right.0.0.3840.2160@120dpi" width="1752" height="668" />
    <size key="GridCell.Tab.5.bottom.0.0.3840.2160@120dpi" width="1752" height="668" />
    <size key="GridCell.Tab.6.left.0.0.3840.2160@120dpi" width="2625" height="603" />
    <size key="GridCell.Tab.6.center.0.0.3840.2160@120dpi" width="2625" height="603" />
    <size key="GridCell.Tab.6.right.0.0.3840.2160@120dpi" width="2625" height="603" />
    <size key="GridCell.Tab.6.bottom.0.0.3840.2160@120dpi" width="2625" height="603" />
    <size key="GridCell.Tab.7.left.0.0.3840.2160@120dpi" width="1543" height="603" />
    <size key="GridCell.Tab.7.center.0.0.3840.2160@120dpi" width="1543" height="603" />
    <size key="GridCell.Tab.7.right.0.0.3840.2160@120dpi" width="1543" height="603" />
    <size key="GridCell.Tab.7.bottom.0.0.3840.2160@120dpi" width="1543" height="603" />
    <size key="GridCell.Tab.4.left.0.0.3840.2160@120dpi" width="1752" height="671" />
    <size key="GridCell.Tab.4.center.0.0.3840.2160@120dpi" width="1752" height="671" />
    <size key="GridCell.Tab.4.right.0.0.3840.2160@120dpi" width="1752" height="671" />
    <size key="GridCell.Tab.4.bottom.0.0.3840.2160@120dpi" width="1752" height="671" />
    <size key="GridCell.Tab.8.left.0.0.3840.2160@120dpi" width="3303" height="697" />
    <size key="GridCell.Tab.8.center.0.0.3840.2160@120dpi" width="3303" height="697" />
    <size key="GridCell.Tab.8.right.0.0.3840.2160@120dpi" width="3303" height="697" />
    <size key="GridCell.Tab.8.bottom.0.0.3840.2160@120dpi" width="3303" height="697" />
    <size key="GridCell.Tab.0.left.3360.0.2560.1440@120dpi" width="1720" height="355" />
    <size key="GridCell.Tab.0.center.3360.0.2560.1440@120dpi" width="1720" height="355" />
    <size key="GridCell.Tab.0.right.3360.0.2560.1440@120dpi" width="1720" height="355" />
    <size key="GridCell.Tab.0.bottom.3360.0.2560.1440@120dpi" width="1720" height="355" />
    <size key="GridCell.Tab.1.left.3360.0.2560.1440@120dpi" width="1720" height="533" />
    <size key="GridCell.Tab.1.center.3360.0.2560.1440@120dpi" width="1720" height="533" />
    <size key="GridCell.Tab.1.right.3360.0.2560.1440@120dpi" width="1720" height="533" />
    <size key="GridCell.Tab.1.bottom.3360.0.2560.1440@120dpi" width="1720" height="533" />
    <size key="GridCell.Tab.0.left.-963.-2160.3840.2160@120dpi" width="3788" height="682" />
    <size key="GridCell.Tab.0.center.-963.-2160.3840.2160@120dpi" width="3788" height="682" />
    <size key="GridCell.Tab.0.right.-963.-2160.3840.2160@120dpi" width="3788" height="682" />
    <size key="GridCell.Tab.0.bottom.-963.-2160.3840.2160@120dpi" width="3788" height="682" />
    <size key="GridCell.Tab.1.left.-963.-2160.3840.2160@120dpi" width="3788" height="682" />
    <size key="GridCell.Tab.1.center.-963.-2160.3840.2160@120dpi" width="3788" height="682" />
    <size key="GridCell.Tab.1.right.-963.-2160.3840.2160@120dpi" width="3788" height="682" />
    <size key="GridCell.Tab.1.bottom.-963.-2160.3840.2160@120dpi" width="3788" height="682" />
    <size key="find.popup.-963.-2160.3840.2160@120dpi" width="1520" height="960" />
    <size key="GridCell.Tab.0.left.3456.-2086.6720.3780@240dpi" width="4746" height="1196" />
    <size key="GridCell.Tab.0.center.3456.-2086.6720.3780@240dpi" width="4746" height="1196" />
    <size key="GridCell.Tab.0.right.3456.-2086.6720.3780@240dpi" width="4746" height="1196" />
    <size key="GridCell.Tab.0.bottom.3456.-2086.6720.3780@240dpi" width="4746" height="1196" />
    <size key="GridCell.Tab.1.left.3456.-2086.6720.3780@240dpi" width="6516" height="1136" />
    <size key="GridCell.Tab.1.center.3456.-2086.6720.3780@240dpi" width="6516" height="1136" />
    <size key="GridCell.Tab.1.right.3456.-2086.6720.3780@240dpi" width="6516" height="1136" />
    <size key="GridCell.Tab.1.bottom.3456.-2086.6720.3780@240dpi" width="6516" height="1136" />
    <size key="find.popup.3456.-2086.6720.3780@240dpi" width="3262" height="1736" />
    <size key="GridCell.Tab.9.left.0.0.3840.2160@120dpi" width="2625" height="713" />
    <size key="GridCell.Tab.9.center.0.0.3840.2160@120dpi" width="2625" height="713" />
    <size key="GridCell.Tab.9.right.0.0.3840.2160@120dpi" width="2625" height="713" />
    <size key="GridCell.Tab.9.bottom.0.0.3840.2160@120dpi" width="2625" height="713" />
    <size key="GridCell.Tab.10.left.0.0.6720.3780@240dpi" width="4764" height="922" />
    <size key="GridCell.Tab.10.center.0.0.6720.3780@240dpi" width="4764" height="922" />
    <size key="GridCell.Tab.10.right.0.0.6720.3780@240dpi" width="4764" height="922" />
    <size key="GridCell.Tab.10.bottom.0.0.6720.3780@240dpi" width="4764" height="922" />
    <size key="GridCell.Tab.11.left.0.0.6720.3780@240dpi" width="4764" height="922" />
    <size key="GridCell.Tab.11.center.0.0.6720.3780@240dpi" width="4764" height="922" />
    <size key="GridCell.Tab.11.right.0.0.6720.3780@240dpi" width="4764" height="922" />
    <size key="GridCell.Tab.11.bottom.0.0.6720.3780@240dpi" width="4764" height="922" />
    <size key="GridCell.Tab.12.left.0.0.6720.3780@240dpi" width="4764" height="922" />
    <size key="GridCell.Tab.12.center.0.0.6720.3780@240dpi" width="4764" height="922" />
    <size key="GridCell.Tab.12.right.0.0.6720.3780@240dpi" width="4764" height="922" />
    <size key="GridCell.Tab.12.bottom.0.0.6720.3780@240dpi" width="4764" height="922" />
    <size key="GridCell.Tab.4.left.0.0.6720.3780@240dpi" width="4764" height="922" />
    <size key="GridCell.Tab.4.center.0.0.6720.3780@240dpi" width="4764" height="922" />
    <size key="GridCell.Tab.4.right.0.0.6720.3780@240dpi" width="4764" height="922" />
    <size key="GridCell.Tab.4.bottom.0.0.6720.3780@240dpi" width="4764" height="922" />
    <size key="find.popup.3360.0.2560.1440@120dpi" width="1407" height="1030" />
    <size key="GridCell.Tab.16.left.0.0.6720.3780@240dpi" width="4764" height="922" />
    <size key="GridCell.Tab.16.center.0.0.6720.3780@240dpi" width="4764" height="922" />
    <size key="GridCell.Tab.16.right.0.0.6720.3780@240dpi" width="4764" height="922" />
    <size key="GridCell.Tab.16.bottom.0.0.6720.3780@240dpi" width="4764" height="922" />
    <size key="GridCell.Tab.13.left.0.0.6720.3780@240dpi" width="4764" height="922" />
    <size key="GridCell.Tab.13.center.0.0.6720.3780@240dpi" width="4764" height="922" />
    <size key="GridCell.Tab.13.right.0.0.6720.3780@240dpi" width="4764" height="922" />
    <size key="GridCell.Tab.13.bottom.0.0.6720.3780@240dpi" width="4764" height="922" />
    <size key="GridCell.Tab.14.left.0.0.6720.3780@240dpi" width="4764" height="922" />
    <size key="GridCell.Tab.14.center.0.0.6720.3780@240dpi" width="4764" height="922" />
    <size key="GridCell.Tab.14.right.0.0.6720.3780@240dpi" width="4764" height="922" />
    <size key="GridCell.Tab.14.bottom.0.0.6720.3780@240dpi" width="4764" height="922" />
    <size key="GridCell.Tab.15.left.0.0.6720.3780@240dpi" width="4764" height="922" />
    <size key="GridCell.Tab.15.center.0.0.6720.3780@240dpi" width="4764" height="922" />
    <size key="GridCell.Tab.15.right.0.0.6720.3780@240dpi" width="4764" height="922" />
    <size key="GridCell.Tab.15.bottom.0.0.6720.3780@240dpi" width="4764" height="922" />
    <size key="GridCell.Tab.25.left.0.0.6720.3780@240dpi" width="4764" height="922" />
    <size key="GridCell.Tab.25.center.0.0.6720.3780@240dpi" width="4764" height="922" />
    <size key="GridCell.Tab.25.right.0.0.6720.3780@240dpi" width="4764" height="922" />
    <size key="GridCell.Tab.25.bottom.0.0.6720.3780@240dpi" width="4764" height="922" />
    <size key="GridCell.Tab.24.left.0.0.6720.3780@240dpi" width="4764" height="922" />
    <size key="GridCell.Tab.24.center.0.0.6720.3780@240dpi" width="4764" height="922" />
    <size key="GridCell.Tab.24.right.0.0.6720.3780@240dpi" width="4764" height="922" />
    <size key="GridCell.Tab.24.bottom.0.0.6720.3780@240dpi" width="4764" height="922" />
    <size key="GridCell.Tab.19.left.0.0.6720.3780@240dpi" width="4764" height="922" />
    <size key="GridCell.Tab.19.center.0.0.6720.3780@240dpi" width="4764" height="922" />
    <size key="GridCell.Tab.19.right.0.0.6720.3780@240dpi" width="4764" height="922" />
    <size key="GridCell.Tab.19.bottom.0.0.6720.3780@240dpi" width="4764" height="922" />
    <size key="GridCell.Tab.20.left.0.0.6720.3780@240dpi" width="4764" height="922" />
    <size key="GridCell.Tab.20.center.0.0.6720.3780@240dpi" width="4764" height="922" />
    <size key="GridCell.Tab.20.right.0.0.6720.3780@240dpi" width="4764" height="922" />
    <size key="GridCell.Tab.20.bottom.0.0.6720.3780@240dpi" width="4764" height="922" />
    <size key="GridCell.Tab.21.left.0.0.6720.3780@240dpi" width="4764" height="922" />
    <size key="GridCell.Tab.21.center.0.0.6720.3780@240dpi" width="4764" height="922" />
    <size key="GridCell.Tab.21.right.0.0.6720.3780@240dpi" width="4764" height="922" />
    <size key="GridCell.Tab.21.bottom.0.0.6720.3780@240dpi" width="4764" height="922" />
    <size key="GridCell.Tab.22.left.0.0.6720.3780@240dpi" width="4764" height="922" />
    <size key="GridCell.Tab.22.center.0.0.6720.3780@240dpi" width="4764" height="922" />
    <size key="GridCell.Tab.22.right.0.0.6720.3780@240dpi" width="4764" height="922" />
    <size key="GridCell.Tab.22.bottom.0.0.6720.3780@240dpi" width="4764" height="922" />
    <size key="GridCell.Tab.23.left.0.0.6720.3780@240dpi" width="4764" height="922" />
    <size key="GridCell.Tab.23.center.0.0.6720.3780@240dpi" width="4764" height="922" />
    <size key="GridCell.Tab.23.right.0.0.6720.3780@240dpi" width="4764" height="922" />
    <size key="GridCell.Tab.23.bottom.0.0.6720.3780@240dpi" width="4764" height="922" />
    <size key="GridCell.Tab.17.left.0.0.6720.3780@240dpi" width="4764" height="922" />
    <size key="GridCell.Tab.17.center.0.0.6720.3780@240dpi" width="4764" height="922" />
    <size key="GridCell.Tab.17.right.0.0.6720.3780@240dpi" width="4764" height="922" />
    <size key="GridCell.Tab.17.bottom.0.0.6720.3780@240dpi" width="4764" height="922" />
    <size key="GridCell.Tab.5.left.0.0.6720.3780@240dpi" width="4764" height="922" />
    <size key="GridCell.Tab.5.center.0.0.6720.3780@240dpi" width="4764" height="922" />
    <size key="GridCell.Tab.5.right.0.0.6720.3780@240dpi" width="4764" height="922" />
    <size key="GridCell.Tab.5.bottom.0.0.6720.3780@240dpi" width="4764" height="922" />
    <size key="GridCell.Tab.6.left.0.0.6720.3780@240dpi" width="4764" height="922" />
    <size key="GridCell.Tab.6.center.0.0.6720.3780@240dpi" width="4764" height="922" />
    <size key="GridCell.Tab.6.right.0.0.6720.3780@240dpi" width="4764" height="922" />
    <size key="GridCell.Tab.6.bottom.0.0.6720.3780@240dpi" width="4764" height="922" />
    <size key="GridCell.Tab.7.left.0.0.6720.3780@240dpi" width="4764" height="922" />
    <size key="GridCell.Tab.7.center.0.0.6720.3780@240dpi" width="4764" height="922" />
    <size key="GridCell.Tab.7.right.0.0.6720.3780@240dpi" width="4764" height="922" />
    <size key="GridCell.Tab.7.bottom.0.0.6720.3780@240dpi" width="4764" height="922" />
    <size key="GridCell.Tab.8.left.0.0.6720.3780@240dpi" width="4764" height="922" />
    <size key="GridCell.Tab.8.center.0.0.6720.3780@240dpi" width="4764" height="922" />
    <size key="GridCell.Tab.8.right.0.0.6720.3780@240dpi" width="4764" height="922" />
    <size key="GridCell.Tab.8.bottom.0.0.6720.3780@240dpi" width="4764" height="922" />
    <size key="GridCell.Tab.9.left.0.0.6720.3780@240dpi" width="4764" height="922" />
    <size key="GridCell.Tab.9.center.0.0.6720.3780@240dpi" width="4764" height="922" />
    <size key="GridCell.Tab.9.right.0.0.6720.3780@240dpi" width="4764" height="922" />
    <size key="GridCell.Tab.9.bottom.0.0.6720.3780@240dpi" width="4764" height="922" />
    <size key="GridCell.Tab.18.left.0.0.6720.3780@240dpi" width="4764" height="922" />
    <size key="GridCell.Tab.18.center.0.0.6720.3780@240dpi" width="4764" height="922" />
    <size key="GridCell.Tab.18.right.0.0.6720.3780@240dpi" width="4764" height="922" />
    <size key="GridCell.Tab.18.bottom.0.0.6720.3780@240dpi" width="4764" height="922" />
    <size key="GridCell.Tab.26.left.0.0.6720.3780@240dpi" width="4764" height="922" />
    <size key="GridCell.Tab.26.center.0.0.6720.3780@240dpi" width="4764" height="922" />
    <size key="GridCell.Tab.26.right.0.0.6720.3780@240dpi" width="4764" height="922" />
    <size key="GridCell.Tab.26.bottom.0.0.6720.3780@240dpi" width="4764" height="922" />
    <size key="GridCell.Tab.27.left.0.0.6720.3780@240dpi" width="4764" height="922" />
    <size key="GridCell.Tab.27.center.0.0.6720.3780@240dpi" width="4764" height="922" />
    <size key="GridCell.Tab.27.right.0.0.6720.3780@240dpi" width="4764" height="922" />
    <size key="GridCell.Tab.27.bottom.0.0.6720.3780@240dpi" width="4764" height="922" />
    <size key="GridCell.Tab.28.left.0.0.6720.3780@240dpi" width="4764" height="922" />
    <size key="GridCell.Tab.28.center.0.0.6720.3780@240dpi" width="4764" height="922" />
    <size key="GridCell.Tab.28.right.0.0.6720.3780@240dpi" width="4764" height="922" />
    <size key="GridCell.Tab.28.bottom.0.0.6720.3780@240dpi" width="4764" height="922" />
    <size key="GridCell.Tab.29.left.0.0.6720.3780@240dpi" width="4764" height="922" />
    <size key="GridCell.Tab.29.center.0.0.6720.3780@240dpi" width="4764" height="922" />
    <size key="GridCell.Tab.29.right.0.0.6720.3780@240dpi" width="4764" height="922" />
    <size key="GridCell.Tab.29.bottom.0.0.6720.3780@240dpi" width="4764" height="922" />
    <size key="GridCell.Tab.30.left.0.0.6720.3780@240dpi" width="4764" height="922" />
    <size key="GridCell.Tab.30.center.0.0.6720.3780@240dpi" width="4764" height="922" />
    <size key="GridCell.Tab.30.right.0.0.6720.3780@240dpi" width="4764" height="922" />
    <size key="GridCell.Tab.30.bottom.0.0.6720.3780@240dpi" width="4764" height="922" />
    <size key="GridCell.Tab.31.left.0.0.6720.3780@240dpi" width="4764" height="922" />
    <size key="GridCell.Tab.31.center.0.0.6720.3780@240dpi" width="4764" height="922" />
    <size key="GridCell.Tab.31.right.0.0.6720.3780@240dpi" width="4764" height="922" />
    <size key="GridCell.Tab.31.bottom.0.0.6720.3780@240dpi" width="4764" height="922" />
    <size key="GridCell.Tab.32.left.0.0.6720.3780@240dpi" width="4764" height="922" />
    <size key="GridCell.Tab.32.center.0.0.6720.3780@240dpi" width="4764" height="922" />
    <size key="GridCell.Tab.32.right.0.0.6720.3780@240dpi" width="4764" height="922" />
    <size key="GridCell.Tab.32.bottom.0.0.6720.3780@240dpi" width="4764" height="922" />
    <size key="GridCell.Tab.38.left.0.0.6720.3780@240dpi" width="4764" height="922" />
    <size key="GridCell.Tab.38.center.0.0.6720.3780@240dpi" width="4764" height="922" />
    <size key="GridCell.Tab.38.right.0.0.6720.3780@240dpi" width="4764" height="922" />
    <size key="GridCell.Tab.38.bottom.0.0.6720.3780@240dpi" width="4764" height="922" />
    <size key="GridCell.Tab.36.left.0.0.6720.3780@240dpi" width="4764" height="922" />
    <size key="GridCell.Tab.36.center.0.0.6720.3780@240dpi" width="4764" height="922" />
    <size key="GridCell.Tab.36.right.0.0.6720.3780@240dpi" width="4764" height="922" />
    <size key="GridCell.Tab.36.bottom.0.0.6720.3780@240dpi" width="4764" height="922" />
    <size key="GridCell.Tab.35.left.0.0.6720.3780@240dpi" width="4764" height="922" />
    <size key="GridCell.Tab.35.center.0.0.6720.3780@240dpi" width="4764" height="922" />
    <size key="GridCell.Tab.35.right.0.0.6720.3780@240dpi" width="4764" height="922" />
    <size key="GridCell.Tab.35.bottom.0.0.6720.3780@240dpi" width="4764" height="922" />
    <size key="GridCell.Tab.33.left.0.0.6720.3780@240dpi" width="4764" height="922" />
    <size key="GridCell.Tab.33.center.0.0.6720.3780@240dpi" width="4764" height="922" />
    <size key="GridCell.Tab.33.right.0.0.6720.3780@240dpi" width="4764" height="922" />
    <size key="GridCell.Tab.33.bottom.0.0.6720.3780@240dpi" width="4764" height="922" />
    <size key="GridCell.Tab.34.left.0.0.6720.3780@240dpi" width="4764" height="922" />
    <size key="GridCell.Tab.34.center.0.0.6720.3780@240dpi" width="4764" height="922" />
    <size key="GridCell.Tab.34.right.0.0.6720.3780@240dpi" width="4764" height="922" />
    <size key="GridCell.Tab.34.bottom.0.0.6720.3780@240dpi" width="4764" height="922" />
    <size key="GridCell.Tab.37.left.0.0.6720.3780@240dpi" width="4764" height="922" />
    <size key="GridCell.Tab.37.center.0.0.6720.3780@240dpi" width="4764" height="922" />
    <size key="GridCell.Tab.37.right.0.0.6720.3780@240dpi" width="4764" height="922" />
    <size key="GridCell.Tab.37.bottom.0.0.6720.3780@240dpi" width="4764" height="922" />
    <size key="GridCell.Tab.40.left.0.0.6720.3780@240dpi" width="4764" height="922" />
    <size key="GridCell.Tab.40.center.0.0.6720.3780@240dpi" width="4764" height="922" />
    <size key="GridCell.Tab.40.right.0.0.6720.3780@240dpi" width="4764" height="922" />
    <size key="GridCell.Tab.40.bottom.0.0.6720.3780@240dpi" width="4764" height="922" />
    <size key="GridCell.Tab.39.left.0.0.6720.3780@240dpi" width="4764" height="922" />
    <size key="GridCell.Tab.39.center.0.0.6720.3780@240dpi" width="4764" height="922" />
    <size key="GridCell.Tab.39.right.0.0.6720.3780@240dpi" width="4764" height="922" />
    <size key="GridCell.Tab.39.bottom.0.0.6720.3780@240dpi" width="4764" height="922" />
    <size key="GridCell.Tab.56.left.0.0.6720.3780@240dpi" width="4764" height="922" />
    <size key="GridCell.Tab.56.center.0.0.6720.3780@240dpi" width="4764" height="922" />
    <size key="GridCell.Tab.56.right.0.0.6720.3780@240dpi" width="4764" height="922" />
    <size key="GridCell.Tab.56.bottom.0.0.6720.3780@240dpi" width="4764" height="922" />
    <size key="GridCell.Tab.55.left.0.0.6720.3780@240dpi" width="4764" height="922" />
    <size key="GridCell.Tab.55.center.0.0.6720.3780@240dpi" width="4764" height="922" />
    <size key="GridCell.Tab.55.right.0.0.6720.3780@240dpi" width="4764" height="922" />
    <size key="GridCell.Tab.55.bottom.0.0.6720.3780@240dpi" width="4764" height="922" />
    <size key="GridCell.Tab.54.left.0.0.6720.3780@240dpi" width="4764" height="922" />
    <size key="GridCell.Tab.54.center.0.0.6720.3780@240dpi" width="4764" height="922" />
    <size key="GridCell.Tab.54.right.0.0.6720.3780@240dpi" width="4764" height="922" />
    <size key="GridCell.Tab.54.bottom.0.0.6720.3780@240dpi" width="4764" height="922" />
    <size key="GridCell.Tab.50.left.0.0.6720.3780@240dpi" width="4764" height="922" />
    <size key="GridCell.Tab.50.center.0.0.6720.3780@240dpi" width="4764" height="922" />
    <size key="GridCell.Tab.50.right.0.0.6720.3780@240dpi" width="4764" height="922" />
    <size key="GridCell.Tab.50.bottom.0.0.6720.3780@240dpi" width="4764" height="922" />
    <size key="GridCell.Tab.49.left.0.0.6720.3780@240dpi" width="4764" height="922" />
    <size key="GridCell.Tab.49.center.0.0.6720.3780@240dpi" width="4764" height="922" />
    <size key="GridCell.Tab.49.right.0.0.6720.3780@240dpi" width="4764" height="922" />
    <size key="GridCell.Tab.49.bottom.0.0.6720.3780@240dpi" width="4764" height="922" />
    <size key="GridCell.Tab.48.left.0.0.6720.3780@240dpi" width="4764" height="922" />
    <size key="GridCell.Tab.48.center.0.0.6720.3780@240dpi" width="4764" height="922" />
    <size key="GridCell.Tab.48.right.0.0.6720.3780@240dpi" width="4764" height="922" />
    <size key="GridCell.Tab.48.bottom.0.0.6720.3780@240dpi" width="4764" height="922" />
    <size key="GridCell.Tab.47.left.0.0.6720.3780@240dpi" width="4764" height="922" />
    <size key="GridCell.Tab.47.center.0.0.6720.3780@240dpi" width="4764" height="922" />
    <size key="GridCell.Tab.47.right.0.0.6720.3780@240dpi" width="4764" height="922" />
    <size key="GridCell.Tab.47.bottom.0.0.6720.3780@240dpi" width="4764" height="922" />
    <size key="GridCell.Tab.41.left.0.0.6720.3780@240dpi" width="4764" height="922" />
    <size key="GridCell.Tab.41.center.0.0.6720.3780@240dpi" width="4764" height="922" />
    <size key="GridCell.Tab.41.right.0.0.6720.3780@240dpi" width="4764" height="922" />
    <size key="GridCell.Tab.41.bottom.0.0.6720.3780@240dpi" width="4764" height="922" />
    <size key="GridCell.Tab.42.left.0.0.6720.3780@240dpi" width="4764" height="922" />
    <size key="GridCell.Tab.42.center.0.0.6720.3780@240dpi" width="4764" height="922" />
    <size key="GridCell.Tab.42.right.0.0.6720.3780@240dpi" width="4764" height="922" />
    <size key="GridCell.Tab.42.bottom.0.0.6720.3780@240dpi" width="4764" height="922" />
    <size key="GridCell.Tab.43.left.0.0.6720.3780@240dpi" width="4764" height="922" />
    <size key="GridCell.Tab.43.center.0.0.6720.3780@240dpi" width="4764" height="922" />
    <size key="GridCell.Tab.43.right.0.0.6720.3780@240dpi" width="4764" height="922" />
    <size key="GridCell.Tab.43.bottom.0.0.6720.3780@240dpi" width="4764" height="922" />
    <size key="GridCell.Tab.44.left.0.0.6720.3780@240dpi" width="4764" height="922" />
    <size key="GridCell.Tab.44.center.0.0.6720.3780@240dpi" width="4764" height="922" />
    <size key="GridCell.Tab.44.right.0.0.6720.3780@240dpi" width="4764" height="922" />
    <size key="GridCell.Tab.44.bottom.0.0.6720.3780@240dpi" width="4764" height="922" />
    <size key="GridCell.Tab.45.left.0.0.6720.3780@240dpi" width="4764" height="922" />
    <size key="GridCell.Tab.45.center.0.0.6720.3780@240dpi" width="4764" height="922" />
    <size key="GridCell.Tab.45.right.0.0.6720.3780@240dpi" width="4764" height="922" />
    <size key="GridCell.Tab.45.bottom.0.0.6720.3780@240dpi" width="4764" height="922" />
    <size key="GridCell.Tab.46.left.0.0.6720.3780@240dpi" width="4764" height="922" />
    <size key="GridCell.Tab.46.center.0.0.6720.3780@240dpi" width="4764" height="922" />
    <size key="GridCell.Tab.46.right.0.0.6720.3780@240dpi" width="4764" height="922" />
    <size key="GridCell.Tab.46.bottom.0.0.6720.3780@240dpi" width="4764" height="922" />
    <size key="GridCell.Tab.51.left.0.0.6720.3780@240dpi" width="4764" height="922" />
    <size key="GridCell.Tab.51.center.0.0.6720.3780@240dpi" width="4764" height="922" />
    <size key="GridCell.Tab.51.right.0.0.6720.3780@240dpi" width="4764" height="922" />
    <size key="GridCell.Tab.51.bottom.0.0.6720.3780@240dpi" width="4764" height="922" />
    <size key="GridCell.Tab.52.left.0.0.6720.3780@240dpi" width="4764" height="922" />
    <size key="GridCell.Tab.52.center.0.0.6720.3780@240dpi" width="4764" height="922" />
    <size key="GridCell.Tab.52.right.0.0.6720.3780@240dpi" width="4764" height="922" />
    <size key="GridCell.Tab.52.bottom.0.0.6720.3780@240dpi" width="4764" height="922" />
    <size key="GridCell.Tab.53.left.0.0.6720.3780@240dpi" width="4764" height="922" />
    <size key="GridCell.Tab.53.center.0.0.6720.3780@240dpi" width="4764" height="922" />
    <size key="GridCell.Tab.53.right.0.0.6720.3780@240dpi" width="4764" height="922" />
    <size key="GridCell.Tab.53.bottom.0.0.6720.3780@240dpi" width="4764" height="922" />
    <size key="GridCell.Tab.60.left.0.0.6720.3780@240dpi" width="4764" height="922" />
    <size key="GridCell.Tab.60.center.0.0.6720.3780@240dpi" width="4764" height="922" />
    <size key="GridCell.Tab.60.right.0.0.6720.3780@240dpi" width="4764" height="922" />
    <size key="GridCell.Tab.60.bottom.0.0.6720.3780@240dpi" width="4764" height="922" />
    <size key="GridCell.Tab.57.left.0.0.6720.3780@240dpi" width="4764" height="922" />
    <size key="GridCell.Tab.57.center.0.0.6720.3780@240dpi" width="4764" height="922" />
    <size key="GridCell.Tab.57.right.0.0.6720.3780@240dpi" width="4764" height="922" />
    <size key="GridCell.Tab.57.bottom.0.0.6720.3780@240dpi" width="4764" height="922" />
    <size key="GridCell.Tab.61.left.0.0.6720.3780@240dpi" width="4764" height="922" />
    <size key="GridCell.Tab.61.center.0.0.6720.3780@240dpi" width="4764" height="922" />
    <size key="GridCell.Tab.61.right.0.0.6720.3780@240dpi" width="4764" height="922" />
    <size key="GridCell.Tab.61.bottom.0.0.6720.3780@240dpi" width="4764" height="922" />
    <size key="GridCell.Tab.58.left.0.0.6720.3780@240dpi" width="4764" height="922" />
    <size key="GridCell.Tab.58.center.0.0.6720.3780@240dpi" width="4764" height="922" />
    <size key="GridCell.Tab.58.right.0.0.6720.3780@240dpi" width="4764" height="922" />
    <size key="GridCell.Tab.58.bottom.0.0.6720.3780@240dpi" width="4764" height="922" />
    <size key="GridCell.Tab.59.left.0.0.6720.3780@240dpi" width="4764" height="922" />
    <size key="GridCell.Tab.59.center.0.0.6720.3780@240dpi" width="4764" height="922" />
    <size key="GridCell.Tab.59.right.0.0.6720.3780@240dpi" width="4764" height="922" />
    <size key="GridCell.Tab.59.bottom.0.0.6720.3780@240dpi" width="4764" height="922" />
    <size key="GridCell.Tab.62.left.0.0.6720.3780@240dpi" width="4764" height="922" />
    <size key="GridCell.Tab.62.center.0.0.6720.3780@240dpi" width="4764" height="922" />
    <size key="GridCell.Tab.62.right.0.0.6720.3780@240dpi" width="4764" height="922" />
    <size key="GridCell.Tab.62.bottom.0.0.6720.3780@240dpi" width="4764" height="922" />
    <size key="GridCell.Tab.63.left.0.0.6720.3780@240dpi" width="4764" height="922" />
    <size key="GridCell.Tab.63.center.0.0.6720.3780@240dpi" width="4764" height="922" />
    <size key="GridCell.Tab.63.right.0.0.6720.3780@240dpi" width="4764" height="922" />
    <size key="GridCell.Tab.63.bottom.0.0.6720.3780@240dpi" width="4764" height="922" />
    <size key="GridCell.Tab.64.left.0.0.6720.3780@240dpi" width="4764" height="922" />
    <size key="GridCell.Tab.64.center.0.0.6720.3780@240dpi" width="4764" height="922" />
    <size key="GridCell.Tab.64.right.0.0.6720.3780@240dpi" width="4764" height="922" />
    <size key="GridCell.Tab.64.bottom.0.0.6720.3780@240dpi" width="4764" height="922" />
    <size key="GridCell.Tab.65.left.0.0.6720.3780@240dpi" width="4764" height="922" />
    <size key="GridCell.Tab.65.center.0.0.6720.3780@240dpi" width="4764" height="922" />
    <size key="GridCell.Tab.65.right.0.0.6720.3780@240dpi" width="4764" height="922" />
    <size key="GridCell.Tab.65.bottom.0.0.6720.3780@240dpi" width="4764" height="922" />
    <size key="GridCell.Tab.66.left.0.0.6720.3780@240dpi" width="4764" height="922" />
    <size key="GridCell.Tab.66.center.0.0.6720.3780@240dpi" width="4764" height="922" />
    <size key="GridCell.Tab.66.right.0.0.6720.3780@240dpi" width="4764" height="922" />
    <size key="GridCell.Tab.66.bottom.0.0.6720.3780@240dpi" width="4764" height="922" />
    <size key="GridCell.Tab.67.left.0.0.6720.3780@240dpi" width="4764" height="922" />
    <size key="GridCell.Tab.67.center.0.0.6720.3780@240dpi" width="4764" height="922" />
    <size key="GridCell.Tab.67.right.0.0.6720.3780@240dpi" width="4764" height="922" />
    <size key="GridCell.Tab.67.bottom.0.0.6720.3780@240dpi" width="4764" height="922" />
    <size key="GridCell.Tab.68.left.0.0.6720.3780@240dpi" width="4764" height="922" />
    <size key="GridCell.Tab.68.center.0.0.6720.3780@240dpi" width="4764" height="922" />
    <size key="GridCell.Tab.68.right.0.0.6720.3780@240dpi" width="4764" height="922" />
    <size key="GridCell.Tab.68.bottom.0.0.6720.3780@240dpi" width="4764" height="922" />
    <size key="GridCell.Tab.69.left.0.0.6720.3780@240dpi" width="4764" height="922" />
    <size key="GridCell.Tab.69.center.0.0.6720.3780@240dpi" width="4764" height="922" />
    <size key="GridCell.Tab.69.right.0.0.6720.3780@240dpi" width="4764" height="922" />
    <size key="GridCell.Tab.69.bottom.0.0.6720.3780@240dpi" width="4764" height="922" />
    <size key="GridCell.Tab.70.left.0.0.6720.3780@240dpi" width="4764" height="922" />
    <size key="GridCell.Tab.70.center.0.0.6720.3780@240dpi" width="4764" height="922" />
    <size key="GridCell.Tab.70.right.0.0.6720.3780@240dpi" width="4764" height="922" />
    <size key="GridCell.Tab.70.bottom.0.0.6720.3780@240dpi" width="4764" height="922" />
    <size key="GridCell.Tab.71.left.0.0.6720.3780@240dpi" width="0" height="0" />
    <size key="GridCell.Tab.71.center.0.0.6720.3780@240dpi" width="0" height="0" />
    <size key="GridCell.Tab.71.right.0.0.6720.3780@240dpi" width="0" height="0" />
    <size key="GridCell.Tab.71.bottom.0.0.6720.3780@240dpi" width="0" height="0" />
    <size key="GridCell.Tab.72.left.0.0.6720.3780@240dpi" width="0" height="0" />
    <size key="GridCell.Tab.72.center.0.0.6720.3780@240dpi" width="0" height="0" />
    <size key="GridCell.Tab.72.right.0.0.6720.3780@240dpi" width="0" height="0" />
    <size key="GridCell.Tab.72.bottom.0.0.6720.3780@240dpi" width="0" height="0" />
    <size key="GridCell.Tab.73.left.0.0.6720.3780@240dpi" width="4764" height="922" />
    <size key="GridCell.Tab.73.center.0.0.6720.3780@240dpi" width="4764" height="922" />
    <size key="GridCell.Tab.73.right.0.0.6720.3780@240dpi" width="4764" height="922" />
    <size key="GridCell.Tab.73.bottom.0.0.6720.3780@240dpi" width="4764" height="922" />
    <size key="GridCell.Tab.75.left.0.0.6720.3780@240dpi" width="4764" height="922" />
    <size key="GridCell.Tab.75.center.0.0.6720.3780@240dpi" width="4764" height="922" />
    <size key="GridCell.Tab.75.right.0.0.6720.3780@240dpi" width="4764" height="922" />
    <size key="GridCell.Tab.75.bottom.0.0.6720.3780@240dpi" width="4764" height="922" />
    <size key="GridCell.Tab.74.left.0.0.6720.3780@240dpi" width="4764" height="922" />
    <size key="GridCell.Tab.74.center.0.0.6720.3780@240dpi" width="4764" height="922" />
    <size key="GridCell.Tab.74.right.0.0.6720.3780@240dpi" width="4764" height="922" />
    <size key="GridCell.Tab.74.bottom.0.0.6720.3780@240dpi" width="4764" height="922" />
    <size key="GridCell.Tab.76.left.0.0.6720.3780@240dpi" width="4764" height="922" />
    <size key="GridCell.Tab.76.center.0.0.6720.3780@240dpi" width="4764" height="922" />
    <size key="GridCell.Tab.76.right.0.0.6720.3780@240dpi" width="4764" height="922" />
    <size key="GridCell.Tab.76.bottom.0.0.6720.3780@240dpi" width="4764" height="922" />
    <size key="GridCell.Tab.72.left.0.0.3840.2160@120dpi" width="2616" height="649" />
    <size key="GridCell.Tab.72.center.0.0.3840.2160@120dpi" width="2616" height="649" />
    <size key="GridCell.Tab.72.right.0.0.3840.2160@120dpi" width="2616" height="649" />
    <size key="GridCell.Tab.72.bottom.0.0.3840.2160@120dpi" width="2616" height="649" />
    <size key="GridCell.Tab.12.left.0.0.3840.2160@120dpi" width="3177" height="652" />
    <size key="GridCell.Tab.12.center.0.0.3840.2160@120dpi" width="3177" height="652" />
    <size key="GridCell.Tab.12.right.0.0.3840.2160@120dpi" width="3177" height="652" />
    <size key="GridCell.Tab.12.bottom.0.0.3840.2160@120dpi" width="3177" height="652" />
    <size key="find.popup.0.0.2662.1498@120dpi" width="991" height="1233" />
    <size key="find.popup.2662.0.3840.2160@120dpi" width="1593" height="1100" />
    <size key="GridCell.Tab.0.right.2662.0.3840.2160@120dpi" width="3738" height="661" />
    <size key="GridCell.Tab.0.left.2662.0.3840.2160@120dpi" width="3738" height="661" />
    <size key="GridCell.Tab.0.center.2662.0.3840.2160@120dpi" width="3738" height="661" />
    <size key="GridCell.Tab.0.bottom.2662.0.3840.2160@120dpi" width="3738" height="661" />
    <size key="GridCell.Tab.1.left.2662.0.3840.2160@120dpi" width="3738" height="831" />
    <size key="GridCell.Tab.1.center.2662.0.3840.2160@120dpi" width="3738" height="831" />
    <size key="GridCell.Tab.1.right.2662.0.3840.2160@120dpi" width="3738" height="831" />
    <size key="GridCell.Tab.1.bottom.2662.0.3840.2160@120dpi" width="3738" height="831" />
    <size key="GridCell.Tab.0.left.1920.0.2560.1440@144dpi" width="2436" height="601" />
    <size key="GridCell.Tab.0.center.1920.0.2560.1440@144dpi" width="2436" height="601" />
    <size key="GridCell.Tab.0.right.1920.0.2560.1440@144dpi" width="2436" height="601" />
    <size key="GridCell.Tab.0.bottom.1920.0.2560.1440@144dpi" width="2436" height="601" />
    <size key="GridCell.Tab.1.left.1920.0.2560.1440@144dpi" width="2436" height="601" />
    <size key="GridCell.Tab.1.center.1920.0.2560.1440@144dpi" width="2436" height="601" />
    <size key="GridCell.Tab.1.right.1920.0.2560.1440@144dpi" width="2436" height="601" />
    <size key="GridCell.Tab.1.bottom.1920.0.2560.1440@144dpi" width="2436" height="601" />
    <size key="find.popup.1920.0.2560.1440@144dpi" width="904" height="1145" />
    <size key="GridCell.Tab.0.left.2662.0.3840.2160@144dpi" width="3648" height="936" />
    <size key="GridCell.Tab.0.center.2662.0.3840.2160@144dpi" width="3648" height="936" />
    <size key="GridCell.Tab.0.right.2662.0.3840.2160@144dpi" width="3648" height="936" />
    <size key="GridCell.Tab.0.bottom.2662.0.3840.2160@144dpi" width="3648" height="936" />
    <size key="GridCell.Tab.1.left.2662.0.3840.2160@144dpi" width="3648" height="936" />
    <size key="GridCell.Tab.1.center.2662.0.3840.2160@144dpi" width="3648" height="936" />
    <size key="GridCell.Tab.1.right.2662.0.3840.2160@144dpi" width="3648" height="936" />
    <size key="GridCell.Tab.1.bottom.2662.0.3840.2160@144dpi" width="3648" height="936" />
    <size key="find.popup.2662.0.3840.2160@144dpi" width="2684" height="1803" />
    <size key="GridCell.Tab.0.left.0.0.2662.1498@144dpi" width="2484" height="492" />
    <size key="GridCell.Tab.0.center.0.0.2662.1498@144dpi" width="2484" height="492" />
    <size key="GridCell.Tab.0.right.0.0.2662.1498@144dpi" width="2484" height="492" />
    <size key="GridCell.Tab.0.bottom.0.0.2662.1498@144dpi" width="2484" height="492" />
    <size key="GridCell.Tab.1.left.0.0.2662.1498@144dpi" width="2484" height="492" />
    <size key="GridCell.Tab.1.center.0.0.2662.1498@144dpi" width="2484" height="492" />
    <size key="GridCell.Tab.1.right.0.0.2662.1498@144dpi" width="2484" height="492" />
    <size key="GridCell.Tab.1.bottom.0.0.2662.1498@144dpi" width="2484" height="492" />
    <size key="find.popup.0.0.2662.1498@144dpi" width="2165" height="1308" />
    <size key="GridCell.Tab.0.left.0.0.2400.1500@144dpi" width="2276" height="516" />
    <size key="GridCell.Tab.0.center.0.0.2400.1500@144dpi" width="2276" height="516" />
    <size key="GridCell.Tab.0.right.0.0.2400.1500@144dpi" width="2276" height="516" />
    <size key="GridCell.Tab.0.bottom.0.0.2400.1500@144dpi" width="2276" height="516" />
    <size key="GridCell.Tab.1.left.0.0.2400.1500@144dpi" width="2276" height="388" />
    <size key="GridCell.Tab.1.center.0.0.2400.1500@144dpi" width="2276" height="388" />
    <size key="GridCell.Tab.1.right.0.0.2400.1500@144dpi" width="2276" height="388" />
    <size key="GridCell.Tab.1.bottom.0.0.2400.1500@144dpi" width="2276" height="388" />
    <size key="find.popup.0.0.2400.1500@144dpi" width="1714" height="1292" />
    <size key="GridCell.Tab.0.left.0.0.3840.2160@144dpi" width="3648" height="649" />
    <size key="GridCell.Tab.0.center.0.0.3840.2160@144dpi" width="3648" height="649" />
    <size key="GridCell.Tab.0.right.0.0.3840.2160@144dpi" width="3648" height="649" />
    <size key="GridCell.Tab.0.bottom.0.0.3840.2160@144dpi" width="3648" height="649" />
    <size key="GridCell.Tab.1.left.0.0.3840.2160@144dpi" width="3648" height="649" />
    <size key="GridCell.Tab.1.center.0.0.3840.2160@144dpi" width="3648" height="649" />
    <size key="GridCell.Tab.1.right.0.0.3840.2160@144dpi" width="3648" height="649" />
    <size key="GridCell.Tab.1.bottom.0.0.3840.2160@144dpi" width="3648" height="649" />
    <size key="find.popup.0.0.3840.2160@144dpi" width="2684" height="1803" />
  </component>
  <component name="WindowManager">
    <frame x="2662" y="0" width="1920" height="2160" extendedState="6" />
  </component>
  <component name="WindowStateApplicationService">
    <state width="1284" height="597" key="ShowUsagesActions.dimensionServiceKey" timestamp="1747313453995">
      <screen x="2703" y="2160" width="2304" height="1440" />
    </state>
    <state width="1599" height="1261" key="ShowUsagesActions.dimensionServiceKey/0.0.2662.1498/665.1497.1997.1248/2662.0.3840.2160" timestamp="1741619704767" />
    <state width="1183" height="529" key="ShowUsagesActions.dimensionServiceKey/2662.0.3840.2160/665.1497.1997.1248/0.0.2662.1498" timestamp="1741703068307" />
    <state width="1284" height="597" key="ShowUsagesActions.dimensionServiceKey/2703.2160.2304.1440/3840.432.3072.1728/0.0.3840.2160" timestamp="1747313453995" />
    <state x="1331" y="661" width="1200" height="975" key="WELCOME_SCREEN" timestamp="1741261629954">
      <screen x="0" y="0" width="2662" height="1498" />
    </state>
    <state x="1331" y="661" width="1200" height="975" key="WELCOME_SCREEN/665.1497.1997.1248/0.0.2662.1498/2662.0.3840.2160" timestamp="1741261629954" />
  </component>
</application>