<profile version="1.0">
  <option name="myName" value="Boku Default" />
  <inspection_tool class="AnonymousClassComplexity" enabled="true" level="WARNING" enabled_by_default="true">
    <option name="m_limit" value="3" />
  </inspection_tool>
  <inspection_tool class="ArrayEquality" enabled="true" level="WARNING" enabled_by_default="true" />
  <inspection_tool class="AssertEqualsCalledOnArray" enabled="true" level="WARNING" enabled_by_default="true" />
  <inspection_tool class="BadExceptionDeclared" enabled="true" level="WARNING" enabled_by_default="true">
    <option name="exceptionsString" value="" />
    <option name="exceptions">
      <value />
    </option>
    <option name="ignoreTestCases" value="false" />
    <option name="ignoreLibraryOverrides" value="false" />
  </inspection_tool>
  <inspection_tool class="BadExceptionThrown" enabled="true" level="WARNING" enabled_by_default="true">
    <option name="exceptionsString" value="" />
    <option name="exceptions">
      <value />
    </option>
  </inspection_tool>
  <inspection_tool class="BooleanExpressionMayBeConditional" enabled="true" level="WARNING" enabled_by_default="true" />
  <inspection_tool class="BooleanVariableAlwaysNegated" enabled="true" level="WARNING" enabled_by_default="true" />
  <inspection_tool class="CallToSimpleGetterInClass" enabled="true" level="WARNING" enabled_by_default="true">
    <option name="ignoreGetterCallsOnOtherObjects" value="false" />
    <option name="onlyReportPrivateGetter" value="false" />
  </inspection_tool>
  <inspection_tool class="CallToSimpleSetterInClass" enabled="true" level="WARNING" enabled_by_default="true">
    <option name="ignoreSetterCallsOnOtherObjects" value="false" />
    <option name="onlyReportPrivateSetter" value="false" />
  </inspection_tool>
  <inspection_tool class="CallToStringConcatCanBeReplacedByOperator" enabled="true" level="WARNING" enabled_by_default="true" />
  <inspection_tool class="CastConflictsWithInstanceof" enabled="true" level="WARNING" enabled_by_default="true" />
  <inspection_tool class="CastToIncompatibleInterface" enabled="true" level="WARNING" enabled_by_default="true" />
  <inspection_tool class="ChannelResource" enabled="true" level="WARNING" enabled_by_default="true">
    <option name="insideTryAllowed" value="false" />
  </inspection_tool>
  <inspection_tool class="ClassComplexity" enabled="true" level="WARNING" enabled_by_default="true">
    <option name="m_limit" value="80" />
  </inspection_tool>
  <inspection_tool class="ClassLoaderInstantiation" enabled="true" level="WARNING" enabled_by_default="true" />
  <inspection_tool class="ClassNameSameAsAncestorName" enabled="true" level="WARNING" enabled_by_default="true" />
  <inspection_tool class="ClassNewInstance" enabled="true" level="WARNING" enabled_by_default="true" />
  <inspection_tool class="CloneableClassInSecureContext" enabled="true" level="WARNING" enabled_by_default="true" />
  <inspection_tool class="CollectionContainsUrl" enabled="true" level="WARNING" enabled_by_default="true" />
  <inspection_tool class="CollectionsFieldAccessReplaceableByMethodCall" enabled="true" level="WARNING" enabled_by_default="true" />
  <inspection_tool class="CollectionsMustHaveInitialCapacity" enabled="true" level="WARNING" enabled_by_default="true" />
  <inspection_tool class="ComparableImplementedButEqualsNotOverridden" enabled="true" level="WARNING" enabled_by_default="true" />
  <inspection_tool class="CompareToUsesNonFinalVariable" enabled="true" level="WARNING" enabled_by_default="true" />
  <inspection_tool class="ConfusingMainMethod" enabled="true" level="WARNING" enabled_by_default="true" />
  <inspection_tool class="ConstantAssertCondition" enabled="true" level="WARNING" enabled_by_default="true" />
  <inspection_tool class="ConstantValueVariableUse" enabled="true" level="WARNING" enabled_by_default="true" />
  <inspection_tool class="ConvertJavadoc" enabled="true" level="INFORMATION" enabled_by_default="true" />
  <inspection_tool class="ConvertOldAnnotations" enabled="true" level="WARNING" enabled_by_default="true" />
  <inspection_tool class="CovariantEquals" enabled="true" level="WARNING" enabled_by_default="true" />
  <inspection_tool class="CustomClassloader" enabled="true" level="WARNING" enabled_by_default="true" />
  <inspection_tool class="CustomSecurityManager" enabled="true" level="WARNING" enabled_by_default="true" />
  <inspection_tool class="CyclomaticComplexity" enabled="true" level="WARNING" enabled_by_default="true">
    <option name="m_limit" value="10" />
  </inspection_tool>
  <inspection_tool class="DefaultAnnotationParam" enabled="true" level="WEAK WARNING" enabled_by_default="true" />
  <inspection_tool class="DefaultNotLastCaseInSwitch" enabled="true" level="WARNING" enabled_by_default="true" />
  <inspection_tool class="DollarSignInName" enabled="true" level="WARNING" enabled_by_default="true" />
  <inspection_tool class="DriverManagerGetConnection" enabled="true" level="WARNING" enabled_by_default="true" />
  <inspection_tool class="DynamicRegexReplaceableByCompiledPattern" enabled="true" level="WARNING" enabled_by_default="true" />
  <inspection_tool class="EnumerationCanBeIteration" enabled="true" level="WARNING" enabled_by_default="true" />
  <inspection_tool class="EqualsAndHashcode" enabled="true" level="WARNING" enabled_by_default="true" />
  <inspection_tool class="EqualsCalledOnEnumConstant" enabled="true" level="WARNING" enabled_by_default="true" />
  <inspection_tool class="EqualsHashCodeCalledOnUrl" enabled="true" level="WARNING" enabled_by_default="true" />
  <inspection_tool class="EqualsUsesNonFinalVariable" enabled="true" level="WARNING" enabled_by_default="true" />
  <inspection_tool class="ExceptionNameDoesntEndWithException" enabled="true" level="WARNING" enabled_by_default="true" />
  <inspection_tool class="ExpectedExceptionNeverThrown" enabled="true" level="WARNING" enabled_by_default="true" />
  <inspection_tool class="ExpectedExceptionNeverThrownTestNG" enabled="true" level="WARNING" enabled_by_default="true" />
  <inspection_tool class="ExplicitArgumentCanBeLambda" enabled="true" level="WEAK WARNING" enabled_by_default="true" />
  <inspection_tool class="ExtendsThrowable" enabled="true" level="WARNING" enabled_by_default="true" />
  <inspection_tool class="FieldMayBeStatic" enabled="true" level="WARNING" enabled_by_default="true" />
  <inspection_tool class="FieldNamingConvention" enabled="true" level="WEAK WARNING" enabled_by_default="true">
    <extension name="ConstantNamingConvention" enabled="true" />
    <extension name="InstanceVariableNamingConvention" enabled="true">
      <option name="m_regex" value="[a-z][A-Za-z_\d]*" />
      <option name="m_minLength" value="2" />
      <option name="m_maxLength" value="32" />
    </extension>
    <extension name="StaticVariableNamingConvention" enabled="true" />
  </inspection_tool>
  <inspection_tool class="HashCodeUsesNonFinalVariable" enabled="true" level="WARNING" enabled_by_default="true" />
  <inspection_tool class="HibernateResource" enabled="true" level="WARNING" enabled_by_default="true">
    <option name="insideTryAllowed" value="false" />
  </inspection_tool>
  <inspection_tool class="HtmlTagCanBeJavadocTag" enabled="true" level="WARNING" enabled_by_default="true" />
  <inspection_tool class="IOResource" enabled="true" level="WARNING" enabled_by_default="true">
    <option name="ignoredTypesString" value="java.io.ByteArrayOutputStream,java.io.ByteArrayInputStream,java.io.StringBufferInputStream,java.io.CharArrayWriter,java.io.CharArrayReader,java.io.StringWriter,java.io.StringReader" />
    <option name="insideTryAllowed" value="false" />
  </inspection_tool>
  <inspection_tool class="IfStatementWithTooManyBranches" enabled="true" level="WARNING" enabled_by_default="true">
    <option name="m_limit" value="3" />
  </inspection_tool>
  <inspection_tool class="IgnoredJUnitTest" enabled="true" level="WARNING" enabled_by_default="true" />
  <inspection_tool class="InnerClassReferencedViaSubclass" enabled="true" level="WARNING" enabled_by_default="true" />
  <inspection_tool class="InstanceofIncompatibleInterface" enabled="true" level="WARNING" enabled_by_default="true" />
  <inspection_tool class="IteratorNextDoesNotThrowNoSuchElementException" enabled="true" level="WARNING" enabled_by_default="true" />
  <inspection_tool class="JDBCExecuteWithNonConstantString" enabled="true" level="WARNING" enabled_by_default="true" />
  <inspection_tool class="JDBCPrepareStatementWithNonConstantString" enabled="true" level="WARNING" enabled_by_default="true" />
  <inspection_tool class="JDBCResource" enabled="true" level="WARNING" enabled_by_default="true">
    <option name="insideTryAllowed" value="false" />
  </inspection_tool>
  <inspection_tool class="JNDIResource" enabled="true" level="WARNING" enabled_by_default="true">
    <option name="insideTryAllowed" value="false" />
  </inspection_tool>
  <inspection_tool class="JUnitDatapoint" enabled="true" level="WARNING" enabled_by_default="true" />
  <inspection_tool class="JUnitRule" enabled="true" level="WARNING" enabled_by_default="true" />
  <inspection_tool class="JUnitTestNG" enabled="true" level="INFORMATION" enabled_by_default="true" />
  <inspection_tool class="JavaLangImport" enabled="true" level="WARNING" enabled_by_default="true" />
  <inspection_tool class="JavadocHtmlLint" enabled="true" level="ERROR" enabled_by_default="true" />
  <inspection_tool class="KeySetIterationMayUseEntrySet" enabled="true" level="WARNING" enabled_by_default="true" />
  <inspection_tool class="LambdaParameterNamingConvention" enabled="true" level="WARNING" enabled_by_default="true" />
  <inspection_tool class="LambdaUnfriendlyMethodOverload" enabled="true" level="WARNING" enabled_by_default="true" />
  <inspection_tool class="LengthOneStringInIndexOf" enabled="true" level="WARNING" enabled_by_default="true" />
  <inspection_tool class="LiteralAsArgToStringEquals" enabled="true" level="WARNING" enabled_by_default="true" />
  <inspection_tool class="LoadLibraryWithNonConstantString" enabled="true" level="WARNING" enabled_by_default="true" />
  <inspection_tool class="LocalCanBeFinal" enabled="true" level="WARNING" enabled_by_default="true">
    <option name="REPORT_VARIABLES" value="true" />
    <option name="REPORT_PARAMETERS" value="true" />
    <option name="REPORT_CATCH_PARAMETERS" value="false" />
    <option name="REPORT_FOREACH_PARAMETERS" value="false" />
    <option name="REPORT_IMPLICIT_FINALS" value="false" />
  </inspection_tool>
  <inspection_tool class="LocalVariableNamingConvention" enabled="true" level="WEAK WARNING" enabled_by_default="true">
    <option name="m_ignoreForLoopParameters" value="true" />
    <option name="m_ignoreCatchParameters" value="true" />
    <option name="m_regex" value="[a-z][A-Za-z\d]*" />
    <option name="m_minLength" value="1" />
    <option name="m_maxLength" value="20" />
  </inspection_tool>
  <inspection_tool class="LoggerInitializedWithForeignClass" enabled="true" level="WARNING" enabled_by_default="true">
    <option name="loggerFactoryMethodName" value="getLogger,getLogger,getLog,getLogger" />
  </inspection_tool>
  <inspection_tool class="LoggingConditionDisagreesWithLogStatement" enabled="true" level="WARNING" enabled_by_default="true" />
  <inspection_tool class="MalformedSetUpTearDown" enabled="true" level="WARNING" enabled_by_default="true" />
  <inspection_tool class="MapReplaceableByEnumMap" enabled="true" level="WARNING" enabled_by_default="true" />
  <inspection_tool class="MethodMayBeStatic" enabled="true" level="WARNING" enabled_by_default="true">
    <option name="m_onlyPrivateOrFinal" value="false" />
    <option name="m_ignoreEmptyMethods" value="true" />
  </inspection_tool>
  <inspection_tool class="MethodNameSameAsParentName" enabled="true" level="WARNING" enabled_by_default="true" />
  <inspection_tool class="MisorderedAssertEqualsArguments" enabled="true" level="WARNING" enabled_by_default="true" />
  <inspection_tool class="MissingDeprecatedAnnotation" enabled="true" level="WARNING" enabled_by_default="true" />
  <inspection_tool class="MissortedModifiers" enabled="true" level="WARNING" enabled_by_default="true">
    <option name="m_requireAnnotationsFirst" value="true" />
  </inspection_tool>
  <inspection_tool class="MisspelledEquals" enabled="true" level="WARNING" enabled_by_default="true" />
  <inspection_tool class="MisspelledMethodName" enabled="true" level="WARNING" enabled_by_default="true" />
  <inspection_tool class="MultipleExceptionsDeclaredOnTestMethod" enabled="true" level="WARNING" enabled_by_default="true" />
  <inspection_tool class="NegatedConditional" enabled="true" level="WARNING" enabled_by_default="true">
    <option name="m_ignoreNegatedNullComparison" value="true" />
  </inspection_tool>
  <inspection_tool class="NegatedConditionalExpression" enabled="true" level="WARNING" enabled_by_default="true" />
  <inspection_tool class="NegatedEqualityExpression" enabled="true" level="WARNING" enabled_by_default="true" />
  <inspection_tool class="NegatedIfElse" enabled="true" level="WARNING" enabled_by_default="true">
    <option name="m_ignoreNegatedNullComparison" value="true" />
    <option name="m_ignoreNegatedZeroComparison" value="false" />
  </inspection_tool>
  <inspection_tool class="NestedConditionalExpression" enabled="true" level="WARNING" enabled_by_default="true" />
  <inspection_tool class="NestedSwitchStatement" enabled="true" level="WARNING" enabled_by_default="true" />
  <inspection_tool class="NestedTryStatement" enabled="true" level="WARNING" enabled_by_default="true" />
  <inspection_tool class="NestingDepth" enabled="true" level="WARNING" enabled_by_default="true">
    <option name="m_limit" value="5" />
  </inspection_tool>
  <inspection_tool class="NewClassNamingConvention" enabled="true" level="WARNING" enabled_by_default="true">
    <extension name="AbstractClassNamingConvention" enabled="true">
      <option name="inheritDefaultSettings" value="true" />
      <option name="m_regex" value="[A-Z][A-Za-z\d]*" />
      <option name="m_minLength" value="4" />
      <option name="m_maxLength" value="64" />
    </extension>
    <extension name="ClassNamingConvention" enabled="true">
      <option name="m_regex" value="[A-Z][A-Za-z\d]*" />
      <option name="m_minLength" value="4" />
      <option name="m_maxLength" value="64" />
    </extension>
    <extension name="EnumeratedClassNamingConvention" enabled="true">
      <option name="inheritDefaultSettings" value="true" />
      <option name="m_regex" value="[A-Z][A-Za-z\d]*" />
      <option name="m_minLength" value="4" />
      <option name="m_maxLength" value="64" />
    </extension>
    <extension name="InterfaceNamingConvention" enabled="true">
      <option name="inheritDefaultSettings" value="true" />
      <option name="m_regex" value="[A-Z][A-Za-z\d]*" />
      <option name="m_minLength" value="4" />
      <option name="m_maxLength" value="64" />
    </extension>
  </inspection_tool>
  <inspection_tool class="NewMethodNamingConvention" enabled="true" level="WARNING" enabled_by_default="true">
    <extension name="InstanceMethodNamingConvention" enabled="true" />
    <extension name="StaticMethodNamingConvention" enabled="true" />
  </inspection_tool>
  <inspection_tool class="NonCommentSourceStatements" enabled="true" level="WARNING" enabled_by_default="true">
    <option name="m_limit" value="30" />
  </inspection_tool>
  <inspection_tool class="NonExceptionNameEndsWithException" enabled="true" level="WARNING" enabled_by_default="true" />
  <inspection_tool class="NonFinalClone" enabled="true" level="WARNING" enabled_by_default="true" />
  <inspection_tool class="NonFinalFieldOfException" enabled="true" level="WARNING" enabled_by_default="true" />
  <inspection_tool class="NonFinalUtilityClass" enabled="true" level="WARNING" enabled_by_default="true" />
  <inspection_tool class="NonSerializableWithSerialVersionUIDField" enabled="true" level="WARNING" enabled_by_default="true" />
  <inspection_tool class="NonShortCircuitBoolean" enabled="true" level="WARNING" enabled_by_default="true" />
  <inspection_tool class="NonStaticFinalLogger" enabled="true" level="WARNING" enabled_by_default="true">
    <option name="loggerClassName" value="java.util.logging.Logger,org.slf4j.Logger,org.apache.commons.logging.Log,org.apache.log4j.Logger,org.apache.logging.log4j.Logger" />
  </inspection_tool>
  <inspection_tool class="NonStaticInnerClassInSecureContext" enabled="true" level="WARNING" enabled_by_default="true" />
  <inspection_tool class="ObjectAllocationInLoop" enabled="true" level="WARNING" enabled_by_default="true" />
  <inspection_tool class="ObjectInstantiationInEqualsHashCode" enabled="true" level="WARNING" enabled_by_default="true" />
  <inspection_tool class="ObjectToString" enabled="true" level="WARNING" enabled_by_default="true" />
  <inspection_tool class="ObsoleteCollection" enabled="true" level="WARNING" enabled_by_default="true">
    <option name="ignoreRequiredObsoleteCollectionTypes" value="true" />
  </inspection_tool>
  <inspection_tool class="OnDemandImport" enabled="true" level="WARNING" enabled_by_default="true" />
  <inspection_tool class="OverloadedMethodsWithSameNumberOfParameters" enabled="true" level="WARNING" enabled_by_default="true">
    <option name="ignoreInconvertibleTypes" value="true" />
  </inspection_tool>
  <inspection_tool class="OverloadedVarargsMethod" enabled="true" level="WARNING" enabled_by_default="true" />
  <inspection_tool class="OverlyComplexBooleanExpression" enabled="true" level="WARNING" enabled_by_default="true">
    <option name="m_limit" value="3" />
    <option name="m_ignorePureConjunctionsDisjunctions" value="true" />
  </inspection_tool>
  <inspection_tool class="OverlyLongLambda" enabled="true" level="WARNING" enabled_by_default="true" />
  <inspection_tool class="PackageNamingConvention" enabled="true" level="WARNING" enabled_by_default="true">
    <option name="m_regex" value="[a-z]*" />
    <option name="m_minLength" value="3" />
    <option name="m_maxLength" value="16" />
  </inspection_tool>
  <inspection_tool class="ParameterNameDiffersFromOverriddenParameter" enabled="true" level="WARNING" enabled_by_default="true">
    <option name="m_ignoreSingleCharacterNames" value="true" />
    <option name="m_ignoreOverridesOfLibraryMethods" value="true" />
  </inspection_tool>
  <inspection_tool class="ParameterizedParametersStaticCollection" enabled="true" level="WARNING" enabled_by_default="true" />
  <inspection_tool class="PointlessIndexOfComparison" enabled="true" level="WARNING" enabled_by_default="true" />
  <inspection_tool class="ProblematicWhitespace" enabled="true" level="WARNING" enabled_by_default="true" />
  <inspection_tool class="PublicConstructorInNonPublicClass" enabled="true" level="WARNING" enabled_by_default="true" />
  <inspection_tool class="PublicStaticArrayField" enabled="true" level="WARNING" enabled_by_default="true" />
  <inspection_tool class="PublicStaticCollectionField" enabled="true" level="WARNING" enabled_by_default="true" />
  <inspection_tool class="QuestionableName" enabled="true" level="WARNING" enabled_by_default="true">
    <option name="nameString" value="aa,abc,bad,bar,bar2,baz,baz1,baz2,baz3,bb,blah,bogus,bool,cc,dd,defau1t,dummy,dummy2,ee,fa1se,ff,foo,foo1,foo2,foo3,foobar,four,fred,fred1,fred2,gg,hh,hello,hello1,hello2,hello3,ii,nu11,one,silly,silly2,string,two,that,then,three,whi1e,var" />
  </inspection_tool>
  <inspection_tool class="RandomDoubleForRandomInteger" enabled="true" level="WARNING" enabled_by_default="true" />
  <inspection_tool class="RedundantFieldInitialization" enabled="true" level="WARNING" enabled_by_default="true" />
  <inspection_tool class="RedundantImplements" enabled="true" level="WARNING" enabled_by_default="true">
    <option name="ignoreSerializable" value="true" />
    <option name="ignoreCloneable" value="true" />
  </inspection_tool>
  <inspection_tool class="ResultOfObjectAllocationIgnored" enabled="true" level="WARNING" enabled_by_default="true" />
  <inspection_tool class="ResultSetIndexZero" enabled="true" level="WARNING" enabled_by_default="true" />
  <inspection_tool class="ReturnNull" enabled="true" level="WARNING" enabled_by_default="true">
    <option name="m_reportObjectMethods" value="true" />
    <option name="m_reportArrayMethods" value="true" />
    <option name="m_reportCollectionMethods" value="true" />
    <option name="m_ignorePrivateMethods" value="false" />
  </inspection_tool>
  <inspection_tool class="RuntimeExecWithNonConstantString" enabled="true" level="WARNING" enabled_by_default="true" />
  <inspection_tool class="SamePackageImport" enabled="true" level="WARNING" enabled_by_default="true" />
  <inspection_tool class="SerialPersistentFieldsWithWrongSignature" enabled="true" level="WARNING" enabled_by_default="true" />
  <inspection_tool class="SerialVersionUIDNotStaticFinal" enabled="true" level="WARNING" enabled_by_default="true" />
  <inspection_tool class="SerializableDeserializableClassInSecureContext" enabled="true" level="WARNING" enabled_by_default="true" />
  <inspection_tool class="SetReplaceableByEnumSet" enabled="true" level="WARNING" enabled_by_default="true" />
  <inspection_tool class="SimplifiableEqualsExpression" enabled="true" level="WARNING" enabled_by_default="true" />
  <inspection_tool class="SizeReplaceableByIsEmpty" enabled="true" level="WARNING" enabled_by_default="true" />
  <inspection_tool class="SocketResource" enabled="true" level="WARNING" enabled_by_default="true">
    <option name="insideTryAllowed" value="false" />
  </inspection_tool>
  <inspection_tool class="StandardVariableNames" enabled="true" level="WARNING" enabled_by_default="true" />
  <inspection_tool class="StaticCallOnSubclass" enabled="true" level="WARNING" enabled_by_default="true" />
  <inspection_tool class="StaticFieldReferenceOnSubclass" enabled="true" level="WARNING" enabled_by_default="true" />
  <inspection_tool class="StaticNonFinalField" enabled="true" level="WARNING" enabled_by_default="true" />
  <inspection_tool class="StringBufferMustHaveInitialCapacity" enabled="true" level="WARNING" enabled_by_default="true" />
  <inspection_tool class="StringBufferToStringInConcatenation" enabled="true" level="WARNING" enabled_by_default="true" />
  <inspection_tool class="StringConcatenationArgumentToLogCall" enabled="true" level="WARNING" enabled_by_default="true" />
  <inspection_tool class="StringConcatenationInFormatCall" enabled="true" level="WARNING" enabled_by_default="true" />
  <inspection_tool class="StringConcatenationInMessageFormatCall" enabled="true" level="WARNING" enabled_by_default="true" />
  <inspection_tool class="StringConcatenationMissingWhitespace" enabled="true" level="WARNING" enabled_by_default="true" />
  <inspection_tool class="StringEqualsEmptyString" enabled="true" level="WARNING" enabled_by_default="true" />
  <inspection_tool class="StringReplaceableByStringBuffer" enabled="true" level="WARNING" enabled_by_default="true">
    <option name="onlyWarnOnLoop" value="true" />
  </inspection_tool>
  <inspection_tool class="SubtractionInCompareTo" enabled="true" level="WARNING" enabled_by_default="true" />
  <inspection_tool class="SuspiciousArrayCast" enabled="true" level="WARNING" enabled_by_default="true" />
  <inspection_tool class="SystemOutErr" enabled="true" level="WARNING" enabled_by_default="true" />
  <inspection_tool class="SystemProperties" enabled="true" level="WARNING" enabled_by_default="true" />
  <inspection_tool class="SystemSetSecurityManager" enabled="true" level="WARNING" enabled_by_default="true" />
  <inspection_tool class="TestCaseInProductCode" enabled="true" level="WARNING" enabled_by_default="true" />
  <inspection_tool class="TestCaseWithConstructor" enabled="true" level="WARNING" enabled_by_default="true" />
  <inspection_tool class="TestCaseWithNoTestMethods" enabled="true" level="WARNING" enabled_by_default="true">
    <option name="ignoreSupers" value="true" />
  </inspection_tool>
  <inspection_tool class="TestMethodInProductCode" enabled="true" level="WARNING" enabled_by_default="true" />
  <inspection_tool class="TestMethodWithoutAssertion" enabled="true" level="WARNING" enabled_by_default="true">
    <option name="ignoreIfExceptionThrown" value="true" />
  </inspection_tool>
  <inspection_tool class="TestOnlyProblems" enabled="true" level="WARNING" enabled_by_default="true" />
  <inspection_tool class="ThreadDeathRethrown" enabled="true" level="WARNING" enabled_by_default="true" />
  <inspection_tool class="ThreadDumpStack" enabled="true" level="WARNING" enabled_by_default="true" />
  <inspection_tool class="ThrowablePrintStackTrace" enabled="true" level="WARNING" enabled_by_default="true" />
  <inspection_tool class="ThrowsRuntimeException" enabled="true" level="WARNING" enabled_by_default="true" />
  <inspection_tool class="TodoComment" enabled="true" level="WARNING" enabled_by_default="true" />
  <inspection_tool class="TooBroadCatch" enabled="true" level="WARNING" enabled_by_default="true" />
  <inspection_tool class="TooBroadThrows" enabled="true" level="WARNING" enabled_by_default="true" />
  <inspection_tool class="TrivialStringConcatenation" enabled="true" level="WARNING" enabled_by_default="true" />
  <inspection_tool class="UncheckedExceptionClass" enabled="true" level="WARNING" enabled_by_default="true" />
  <inspection_tool class="UnnecessarilyQualifiedStaticUsage" enabled="true" level="WARNING" enabled_by_default="true">
    <option name="m_ignoreStaticFieldAccesses" value="false" />
    <option name="m_ignoreStaticMethodCalls" value="false" />
    <option name="m_ignoreStaticAccessFromStaticContext" value="false" />
  </inspection_tool>
  <inspection_tool class="UnnecessarilyQualifiedStaticallyImportedElement" enabled="true" level="WARNING" enabled_by_default="true" />
  <inspection_tool class="UnnecessaryConstantArrayCreationExpression" enabled="true" level="WARNING" enabled_by_default="true" />
  <inspection_tool class="UnnecessaryConstructor" enabled="true" level="WARNING" enabled_by_default="true" />
  <inspection_tool class="UnnecessaryExplicitNumericCast" enabled="true" level="WARNING" enabled_by_default="true" />
  <inspection_tool class="UnnecessaryFinalOnLocalVariableOrParameter" enabled="true" level="WARNING" enabled_by_default="true">
    <option name="onlyWarnOnAbstractMethods" value="true" />
    <option name="reportLocalVariables" value="false" />
  </inspection_tool>
  <inspection_tool class="UnnecessaryInheritDoc" enabled="true" level="WARNING" enabled_by_default="true" />
  <inspection_tool class="UnnecessaryQualifierForThis" enabled="true" level="WARNING" enabled_by_default="true" />
  <inspection_tool class="UnnecessarySuperConstructor" enabled="true" level="WARNING" enabled_by_default="true" />
  <inspection_tool class="UnnecessarySuperQualifier" enabled="true" level="WARNING" enabled_by_default="true" />
  <inspection_tool class="UnnecessaryThis" enabled="true" level="WARNING" enabled_by_default="true" />
  <inspection_tool class="UnqualifiedInnerClassAccess" enabled="true" level="WARNING" enabled_by_default="true">
    <option name="ignoreReferencesToLocalInnerClasses" value="true" />
  </inspection_tool>
  <inspection_tool class="UnsecureRandomNumberGeneration" enabled="true" level="WARNING" enabled_by_default="true" />
  <inspection_tool class="UnusedProperty" enabled="false" level="WARNING" enabled_by_default="false" />
  <inspection_tool class="UpperCaseFieldNameNotConstant" enabled="true" level="WARNING" enabled_by_default="true" />
  <inspection_tool class="UseOfObsoleteAssert" enabled="true" level="WARNING" enabled_by_default="true" />
  <inspection_tool class="UseOfObsoleteDateTimeApi" enabled="true" level="WARNING" enabled_by_default="true" />
  <inspection_tool class="UseOfPropertiesAsHashtable" enabled="true" level="WARNING" enabled_by_default="true" />
  <inspection_tool class="UtilityClassWithPublicConstructor" enabled="true" level="WARNING" enabled_by_default="true" />
  <inspection_tool class="UtilityClassWithoutPrivateConstructor" enabled="true" level="WARNING" enabled_by_default="true">
    <option name="ignorableAnnotations">
      <value />
    </option>
    <option name="ignoreClassesWithOnlyMain" value="true" />
  </inspection_tool>
  <inspection_tool class="VariableNotUsedInsideIf" enabled="true" level="WARNING" enabled_by_default="true" />
  <inspection_tool class="groupsTestNG" enabled="false" level="WARNING" enabled_by_default="false">
    <option name="groups">
      <value>
        <list size="0" />
      </value>
    </option>
  </inspection_tool>
  <inspection_tool class="unused" enabled="true" level="WARNING" enabled_by_default="true" ignoreAccessors="true" checkParameterExcludingHierarchy="false">
    <option name="LOCAL_VARIABLE" value="true" />
    <option name="FIELD" value="true" />
    <option name="METHOD" value="true" />
    <option name="CLASS" value="true" />
    <option name="PARAMETER" value="true" />
    <option name="REPORT_PARAMETER_FOR_PUBLIC_METHODS" value="true" />
    <option name="ADD_MAINS_TO_ENTRIES" value="true" />
    <option name="ADD_APPLET_TO_ENTRIES" value="true" />
    <option name="ADD_SERVLET_TO_ENTRIES" value="true" />
    <option name="ADD_NONJAVA_TO_ENTRIES" value="true" />
  </inspection_tool>
</profile>